Product_Name,Brand,Price,Rating
XFX RADEON RX 590 FATBOY Core Edition 8GB 1580MHz DDR5 3xDP HDMI DVI PCI Express 3.0 Graphics Card RX-590P8DLD6,XFX,"15,200",5
"GIGABYTE GeForce GTX 1660 SUPER MINI ITX OC 6G Graphics Card, 170mm Compact Size, 6GB 192-Bit GDDR6, GV-N166SIXOC-6GD Video Card",GIGABYTE,"17,347",5
"ZOTAC GAMING GeForce GTX 1660 6GB GDDR5 192-bit Gaming Graphics Card, Super Compact, ZT-T16600K-10M",ZOTAC,"15,959",5
ASUS ROG STRIX GeForce RTX 2070 SUPER Advanced Overclocked 8G GDDR6 HDMI DisplayPort USB Type-C Gaming Graphics Card (ROG-STRIX-RTX2070S-A8G-GAMING),ASUS,"44,456",5
"GIGABYTE GeForce RTX 2070 WINDFORCE 8G (Rev 3.0) Graphics Card, 2 x WINDFORCE Fans, 8GB 256-Bit GDDR6, GV-N2070WF2-8GD (Rev 3.0) Video Card",GIGABYTE,"29,667",4
ASUS GeForce GTX 1660 SUPER Overclocked 6GB Phoenix Fan Edition HDMI DP DVI Graphics Card (PH-GTX1660S-O6G),ASUS,"17,238",5
"GIGABYTE GeForce RTX 2080 Super GAMING OC 8G (Rev 2.0) Graphics Card, 3 x WINDFORCE Fans, 8GB 256-Bit GDDR6, GV-N208SGAMING OC-8GC Video Card",GIGABYTE,"53,556",5
"GIGABYTE GeForce RTX 2070 Super WINDFORCE OC 3X 8G Graphics Card, 3 x WINDFORCE Fans, 8GB 256-Bit GDDR6, GV-N207SWF3OC-8GD Video Card",GIGABYTE,"37,997",4
"GIGABYTE GeForce GTX 1660 Ti OC 6G Graphics Card, 2 x WINDFORCE Fans, 6GB 192-Bit GDDR6, GV-N166TOC-6GD Video Card",GIGABYTE,"21,278",5
ASUS GeForce RTX 2080 SUPER Overclocked 8G GDDR6 Dual-Fan EVO Edition VR Ready HDMI DisplayPort 1.4 Graphics Card (DUAL-RTX2080S-O8G-EVO),ASUS,"54,299",5
"ZOTAC GAMING GeForce RTX 2070 SUPER MINI 8GB GDDR6 256-bit 14 Gbps Gaming Graphics Card, IceStorm 2.0, Super Compact, ZT-T20710E-10M",ZOTAC,"37,712",5
"GIGABYTE GeForce RTX 2070 Super GAMING OC 3X 8G Graphics Card, 3 x WINDFORCE Fans, 8GB 256-Bit GDDR6, GV-N207SGAMING OC-8GD Video Card",GIGABYTE,"40,051",4
"GIGABYTE AORUS Radeon RX 5700 XT 8G Graphics Card, PCIe 4.0, 8GB 256-Bit GDDR6, GV-R57XTAORUS-8GD Video Card",GIGABYTE,"33,940",3
ASUS ROG Strix GeForce GTX 1650 SUPER Advanced 4GB Edition GDDR6 HDMI 2.0 DP 1.4 Gaming Graphics Card (ROG-STRIX-GTX1650S-A4G-GAMING),ASUS,"14,330",5
ASUS GeForce GTX 1660 Super Overclocked 6GB Dual-fan EVO Edition VR Ready HDMI DisplayPort DVI Graphics Card (DUAL-GTX1660S-O6G-EVO),ASUS,"18,239",4
"GIGABYTE GeForce GTX 1660 GAMING OC 6G Graphics Card, 3 x WINDFORCE Fans, 6GB 192-Bit GDDR5, GV-N1660GAMING OC-6GD Video Card",GIGABYTE,"18,238",5
"ZOTAC GAMING GeForce GTX 1650 OC 4GB GDDR5 128-bit Gaming Graphics Card, Super Compact, ZT-T16500F-10L",ZOTAC,"11,399",5
"GIGABYTE GeForce RTX 2080 Super WINDFORCE OC 8G Graphics Card, 3 x WINDFORCE Fans, 8GB 256-Bit GDDR6, GV-N208SWF3OC-8GD Video Card",GIGABYTE,"53,962",4
"GIGABYTE Radeon RX 5700 XT GAMING OC 8G Graphics Card, PCIe 4.0, 8GB 256-Bit GDDR6, GV-R57XTGAMING OC-8GD Video Card",GIGABYTE,"31,917",3
"GIGABYTE GeForce RTX 2060 Super WINDFORCE OC 8G Graphics Card, 2 x WINDFORCE Fans, 8GB 256-Bit GDDR6, GV-N206SWF2OC-8GD Rev 2.0 Video Card",GIGABYTE,"30,397",4
"EVGA GeForce RTX 2060 XC BLACK GAMING, 6GB GDDR6, HDB Fan Graphics Card 06G-P4-2061-KR",EVGA,"25,291",5
ASUS AMD Radeon RX 5500 XT Overclocked O8G GDDR6 Dual Fan EVO Edition HDMI DisplayPort Gaming Graphics Card (DUAL-RX5500XT-O8G-EVO),ASUS,"15,575",5
MSI N210-MD1G/D3 GeForce 210 Graphic Card - 589 MHz Core - 1 GB DDR3 SDRAM,MSI,"2,975",No rating
"GIGABYTE Radeon RX 5700 GAMING OC 8G Graphics Card, PCIe 4.0, 8GB 256-Bit GDDR6, GV-R57GAMING OC-8GD Video Card",GIGABYTE,"27,358",4
ASUS GeForce RTX 2070 Super Overclocked 8G EVO GDDR6 Dual-Fan Edition VR Ready HDMI DisplayPort Gaming Graphics Card (DUAL-RTX2070S-O8G-EVO),ASUS,"38,758",4
"GIGABYTE GeForce RTX 2060 Super WINDFORCE OC 8G Graphics Card, 2 x WINDFORCE Fans, 8GB 256-Bit GDDR6, GV-N206SWF2OC-8GD Video Card",GIGABYTE,"29,522",4
"GIGABYTE GeForce GTX 1660 OC 6G Graphics Card, 2 x WINDFORCE Fans, 6GB 192-Bit GDDR5, GV-N1660OC-6GD Video Card",GIGABYTE,"17,238",4
ASUS Radeon RX 5700 PCIe 4.0 VR Ready Graphics Card with 8GB GDDR6 Memory and Support for up to 6 Monitors (RX5700-8G),ASUS,"30,398",4
ASUS TUF Gaming GeForce GTX 1650 SUPER Overclocked 4GB Edition HDMI DP DVI Gaming Graphics Card (TUF-GTX1650S-O4G-GAMING),ASUS,"12,919",5
"ZOTAC GAMING GeForce GTX 1660 SUPER 6GB GDDR6 192-bit Gaming Graphics Card, Super Compact, ZT-T16620F-10L",ZOTAC,"18,856",5
"ZOTAC GAMING GeForce GTX 1660 SUPER AMP 6GB GDDR6 192-bit Gaming Graphics Card, Super Compact, IceStorm 2.0 Cooling, Wraparound Metal Backplate - ZT-T16620D-10M",ZOTAC,"18,856",5
ASUS TUF Gaming GeForce RTX 2060 OC Edition 6GB GDDR6 VR Ready HDMI 2.0b DP 1.4 Auto Extreme Graphics Card (TUF-RTX2060-O6G-GAMING),ASUS,"24,890",4
"ZOTAC GAMING GeForce GTX 1660 Ti 6GB GDDR6 192-bit Gaming Graphics Card, Super Compact, ZT-T16610F-10L",ZOTAC,"21,149",4
ASUS GeForce GT 710 1GB GDDR5 HDMI VGA DVI Graphics Card (GT710-SL-1GD5-BRK),ASUS,"3,419",5
ASUS ROG Strix Radeon RX 570 O4G Gaming OC Edition GDDR5 DP HDMI DVI VR Ready AMD Graphics Card (ROG-STRIX-RX570-O4G-GAMING),ASUS,"11,125",4
"ZOTAC GAMING GeForce RTX 2060 SUPER AMP Extreme 8GB GDDR6 256-bit 14 Gbps Gaming Graphics Card, IceStorm 2.0, Extreme Overclock, Spectra Lighting, ZT-T20610B-10P",ZOTAC,"33,437",5
ASUS ROG STRIX GeForce RTX 2080 TI Overclocked O11G GDDR6 HDMI DP 1.4 USB Type-c  (ROG-STRIX-RTX2080TI-O11G-WHITE-GAMING),ASUS,"109,363",5
ASUS GeForce GT 710 2GB GDDR5 HDMI VGA DVI Graphics Card (GT710-SL-2GD5-CSM),ASUS,"4,179",4
"ZOTAC GAMING GeForce RTX 2060 SUPER MINI 8GB GDDR6 256-bit 14 Gbps Gaming Graphics Card, IceStorm 2.0, Super Compact, ZT-T20610E-10M",ZOTAC,"30,397",4
ASUS GeForce RTX 2080 Overclocked 8G GDDR6 Dual-Fan Edition VR Ready HDMI DP 1.4 USB Type-C Graphics Card (DUAL-RTX2080-O8G),ASUS,"54,221",4
"ZOTAC GAMING GeForce RTX 2080 SUPER Twin Fan 8GB GDDR6 256-bit 15.5 Gbps Gaming Graphics Card, IceStorm 2.0, Spectra Lighting, ZT-T20820F-10P",ZOTAC,"54,142",5
ASUS TUF Gaming GeForce GTX 1660 Overclocked 6GB Dual-fan Edition HDMI DP DVI Gaming Graphics Card (TUF-GTX1660-O6G-GAMING),ASUS,"16,593",4
"GIGABYTE Radeon RX 5600 XT WINDFORCE OC 6G Graphics Card, 2 x WINDFORCE Fans, 6GB 192-Bit GDDR6, GV-R56XTWF2OC-6GD Video Card",GIGABYTE,"21,118",No rating
"EVGA GeForce RTX 2060 KO ULTRA GAMING Video Card, 06G-P4-2068-KR, 6GB GDDR6, Dual Fans, Metal Backplate",EVGA,"23,983",5
"GIGABYTE Radeon RX 580 GAMING 8G (rev. 2.0) Graphics Card, PCIe 3.0, 8GB 256-Bit GDDR5, GV-RX580GAMING-8GD REV2.0 Video Card",GIGABYTE,"13,390",No rating
SAPPHIRE PULSE Radeon RX 5600 XT DirectX 12 100419P6GL 6GB 192-Bit GDDR6 PCI Express 4.0 ATX Video Card,Sapphire Tech,"21,905",5
MSI GeForce RTX 2070 DirectX 12 RTX 2070 TRI FROZR 8GB 256-Bit GDDR6 PCI Express 3.0 x16 HDCP Ready Video Card,MSI,"32,432",5
PNY GeForce GTX 1660 Ti Graphic Card - 1.50 GHz Core - 1.77 GHz Boost Clock - 6 GB GDDR6 - Dual Slot Space Required,"PNY Technologies, Inc.","23,630",4
XFX Radeon RX 5600 XT DirectX 12 RX-56XT6DFD6 6GB 192-Bit GDDR6 PCI Express 4.0 Video Card,XFX,"21,905",4
SAPPHIRE PULSE Radeon RX 570 DirectX 12 11266-66-20G 8GB 256-Bit GDDR5 PCI Express 3.0 CrossFireX Support Video Card,Sapphire Tech,"11,530",5
GIGABYTE Radeon RX 5600 XT DirectX 12 GV-R56XTGAMING OC-6G 6GB 192-Bit GDDR6 PCI Express 4.0 x16 ATX Video Card,GIGABYTE,"21,905",4
"ZOTAC GAMING GeForce GTX 1660 AMP 6GB GDDR5 192-bit Gaming Graphics Card, Super Compact, IceStorm 2.0 Cooling, Wraparound Metal Backplate - ZT-T16600D-10M",ZOTAC,"18,101",3
"ZOTAC GAMING GeForce RTX 2060 6GB GDDR6 192-bit Gaming Graphics Card, Super Compact, ZT-T20600H-10M",ZOTAC,"24,319",No rating
GIGABYTE Radeon RX 570 DirectX 12 GV-RX570GAMING-4GD REV2.0 4GB 256-Bit GDDR5 PCI Express 3.0 x16 ATX Video Card,GIGABYTE,"8,856",5
"EVGA GeForce GTX 1660 SUPER BLACK GAMING Video Card, 06G-P4-1061-KR, 6GB GDDR6, Single Fan",EVGA,"17,373",5
"ASRock Phantom Gaming D Radeon RX 5500 XT 8G OC Video Card, RX5500XT PGD 8GO",ASRock,"14,877",5
MSI GeForce RTX 2070 DirectX 12 RTX 2070 VENTUS GP 8GB 256-Bit GDDR6 PCI Express 3.0 x16 HDCP Ready Video Card,MSI,"31,677",5
MSI GeForce GTX 1650 SUPER DirectX 12 GTX 1650 Super Ventus XS OC 4GB 128-Bit GDDR6 PCI Express 3.0 x16 HDCP Ready Video Card,MSI,"12,067",5
MSI GeForce GTX 1650 SUPER DirectX 12 GTX 1650 Super Gaming X 4GB 128-Bit GDDR6 PCI Express 3.0 x16 HDCP Ready Video Card,MSI,"13,679",5
ASUS AMD Radeon RX 5700 Overclocked 8G GDDR6 Dual Fan EVO Edition HDMI DisplayPort Gaming Graphics Card (DUAL-RX5700-O8G-EVO),ASUS,"27,906",1
MSI GeForce RTX 2070 SUPER DirectX 12 RTX 2070 Super GAMING X 8GB 256-Bit GDDR6 PCI Express 3.0 x16 HDCP Ready SLI Support Video Card,MSI,"41,544",5
MSI Radeon RX 5500 XT DirectX 12 RX 5500 XT MECH 8G OC 8GB 128-Bit GDDR6 PCI Express 4.0 HDCP Ready Video Card,MSI,"14,761",5
ASUS Dual GeForce RTX 2070 DirectX 12 DUAL-RTX2070-O8G-MINI 8GB 256-Bit GDDR6 PCI Express 3.0 HDCP Ready Video Card,ASUS,"31,724",5
MSI GeForce GTX 1650 SUPER DirectX 12 GTX 1650 Super AERO ITX OC 4GB 128-Bit GDDR6 PCI Express 3.0 x16 HDCP Ready ITX Video Card,MSI,"12,159",5
"EVGA GeForce RTX 2070 SUPER XC ULTRA+ Video Card, OVERCLOCKED, 2.75-Slot Extreme Cool Dual, 70C Gaming, RGB, Metal Backplate, 08G-P4-3175-KR, 8GB 15.5 GHz GDDR6",EVGA,"43,055",5
"EVGA GeForce RTX 2070 SUPER FTW3 ULTRA+ Video Card, OVERCLOCKED, 2.75 Slot Extreme Cool Triple + iCX2, 65C Gaming, RGB, Metal Backplate, 08G-P4-3377-KR, 8GB 15.5 GHz GDDR6",EVGA,"46,762",5
"ASRock Phantom Gaming D Radeon RX 5700 XT 8G OC Video Card, RX5700XT PGD 8GO",ASRock,"30,397",4
GIGABYTE GeForce GTX 1660 SUPER DirectX 12 GV-N166SOC-6GD 6GB 192-Bit GDDR6 PCI Express 3.0 x16 ATX Video Card,GIGABYTE,"18,239",5
"EVGA GeForce RTX 2080 SUPER XC ULTRA GAMING Video Card, 08G-P4-3183-KR, 8GB GDDR6, RGB LED, Metal Backplate",EVGA,"55,044",5
XFX Radeon RX 5600 XT DirectX 12 RX-56XT6TBD8 6GB 192-Bit GDDR6 PCI Express 4.0 Video Card,XFX,"24,171",5
ASRock Phantom Gaming D3 Radeon RX 5600 XT DirectX 12 RX5600XT PGD3 6GO 6GB 192-Bit GDDR6 PCI Express 4.0 x16 HDCP Ready Video Card,ASRock,"23,983",5
SAPPHIRE NITRO+ Radeon RX 5700 XT 100416NT+8GSR 8GB 256-Bit GDDR6 PCI Express 4.0 x16 ATX Video Card,Sapphire Tech,"32,678",4
"SAPPHIRE NITRO+ Radeon RX 5700 XT DirectX 12 100416NT+SESR 8GB 256-Bit GDDR6 PCI Express 4.0 x16 ATX Video Card, SPECIAL EDITION",Sapphire Tech,"33,990",4
ASUS GeForce GTX 1650 SUPER Overclocked 4GB Phoenix Fan Edition HDMI DP DVI Graphics Card (PH-GTX1650S-O4G),ASUS,"12,445",No rating
"EVGA GeForce RTX 2060 SUPER SC ULTRA GAMING, 08G-P4-3067-KR, 8GB GDDR6, Dual HDB Fans, Metal Backplate",EVGA,"31,724",5
GIGABYTE GeForce GTX 1660 SUPER DirectX 12 GV-N166SGAMING OC-6GD 6GB 192-Bit GDDR6 PCI Express 3.0 x16 ATX Video Card,GIGABYTE,"18,737",5
GIGABYTE Radeon RX 5500 XT DirectX 12 GV-R55XTOC-8GD 8GB 128-Bit GDDR6 PCI Express 4.0 x16 ATX Video Card,GIGABYTE,"15,575",4
GIGABYTE Radeon RX 5500 XT DirectX 12 GV-R55XTGAMING OC-8GD 8GB 128-Bit GDDR6 PCI Express 4.0 x16 ATX Video Card,GIGABYTE,"16,593",4
MSI GeForce GTX 1660 SUPER DirectX 12 GTX 1660 SUPER VENTUS XS OC 6GB 192-Bit GDDR6 PCI Express 3.0 x16 HDCP Ready Video Card,MSI,"18,102",4
MSI GeForce RTX 2080 Ti DirectX 12 RTX 2080 Ti VENTUS GP 11GB 352-Bit GDDR6 PCI Express 3.0 x16 HDCP Ready SLI Support Video Card,MSI,"84,474",5
XFX RX 5700 XT THICC III ULTRA 8GB BOOST UP TO 2025 MHz GDDR6 3xDP HDMI Video Card,XFX,"31,918",4
"EVGA GeForce RTX 2080 SUPER FTW3 ULTRA GAMING Video Card, 08G-P4-3287-KR, 8GB GDDR6, iCX2 Technology, RGB LED, Metal Backplate",EVGA,"59,506",5
SAPPHIRE PULSE Radeon RX 5500 XT DirectX 12 100418P4GL 4GB 128-Bit GDDR6 PCI Express 4.0 ATX Video Card,Sapphire Tech,"13,679",4
ASUS GeForce RTX 2060 Advanced Overclocked 6G GDDR6 Dual-Fan EVO Edition VR Ready HDMI DisplayPort DVI Graphics Card (DUAL-RTX2060-A6G-EVO),ASUS,"26,021",No rating
SAPPHIRE PULSE Radeon RX 5700 XT 100416P8GL 8GB 256-Bit GDDR6 PCI Express 4.0 x16 ATX Video Card,Sapphire Tech,"31,157",4
"EVGA GeForce GTX 1660 Ti SC ULTRA GAMING, 06G-P4-1667-KR, 6GB GDDR6, Dual Fan, Metal Backplate",EVGA,"22,315",5
MSI GeForce GTX 1660 Ti DirectX 12 GTX 1660 TI GAMING X 6G 6GB 192-Bit GDDR6 PCI Express 3.0 x16 HDCP Ready Video Card,MSI,"25,078",5
XFX Radeon RX 580 DirectX 12 RX-580P8RFD6 8GB 256-Bit GDDR5 PCI Express 3.0 x16 CrossFireX Support Video Card,XFX,"13,274",4
ASUS GeForce RTX 2060 Overclocked 6G GDDR6 Dual-Fan EVO Edition VR Ready HDMI DisplayPort DVI Graphics Card (DUAL-RTX2060-O6G-EVO),ASUS,"26,231",No rating
MSI Radeon RX 5700 XT DirectX 12 RX 5700 XT GAMING X 8GB 256-Bit GDDR6 PCI Express 4.0 HDCP Ready CrossFireX Support Video Card,MSI,"31,892",4
"EVGA GeForce RTX 2060 SC Ultra GAMING, 06G-P4-2067-KR, 6GB GDDR6, Dual HDB Fans",EVGA,"28,801",5
MSI GeForce RTX 2060 DirectX 12 RTX 2060 GAMING Z 6G 6GB 192-Bit GDDR6 PCI Express 3.0 x16 HDCP Ready Video Card,MSI,"28,794",5
"EVGA GeForce RTX 2080 Ti DirectX 12 11G-P4-2281-KR 11GB 352-Bit GDDR6 PCI Express 3.0 HDCP Ready SLI Support BLACK EDITION GAMING Video Card, Dual HDB Fans & RGB LED",EVGA,"83,594",5
PowerColor RED DRAGON Radeon RX 5700 XT DirectX 12 AXRX 5700 XT 8GBD6-3DHR/OC 8GB 256-Bit GDDR6 PCI Express 4.0 CrossFireX Support ATX Video Card,PowerColor,"31,157",4
"EVGA GeForce GTX 1660 SC ULTRA GAMING, 06G-P4-1067-KR, 6GB GDDR5, Dual Fan, Metal Backplate",EVGA,"18,238",5
GIGABYTE AORUS GeForce RTX 2080 SUPER DirectX 12 GV-N208SAORUS WB-8GC 8GB 256-Bit GDDR6 PCI Express 3.0 x16 SLI Support ATX Video Card,GIGABYTE,"63,835",5
ASRock Radeon RX 5700 XT DirectX 12 RX 5700 XT TAICHI X 8G OC+ 8GB 256-Bit GDDR6 PCI Express 4.0 HDCP Ready Video Card,ASRock,"32,729",4
MSI Radeon RX 580 DirectX 12 RX 580 ARMOR X 8GB 256-Bit GDDR5 PCI Express x16 HDCP Ready CrossFireX Support Video Card,MSI,"13,351",4
"EVGA GeForce RTX 2080 SUPER XC HYBRID GAMING, 08G-P4-3188-KR, 8GB GDDR6, RGB LED Logo, Metal Backplate",EVGA,"59,584",5
MSI Radeon RX 5700 XT DirectX 12 RX 5700 XT EVOKE OC 8GB 256-Bit GDDR6 PCI Express 4.0 HDCP Ready CrossFireX Support Video Card,MSI,"28,184",4
MSI GeForce GTX 1660 DirectX 12 GTX 1660 VENTUS XS 6G OC 6GB 192-Bit GDDR5 PCI Express 3.0 x16 HDCP Ready Video Card,MSI,"16,317",5
XFX Radeon RX 5700 XT THICC II RX-57XT826D6 8GB 256-Bit GDDR6 PCI Express 4.0 Video Card,XFX,"29,638",4
PowerColor Radeon RX 5700 XT DirectX 12 AXRX 5700 XT 8GBD6-3DH 8GB 256-Bit GDDR6 PCI Express 4.0 CrossFireX Support ATX Video Card,PowerColor,"29,979",4
ASUS ROG STRIX GeForce RTX 2060 SUPER DirectX 12 ROG-STRIX-RTX2060S-A8G-GAMING 8GB 256-Bit GDDR6 PCI Express 3.0 HDCP Ready Video Card,ASUS,"33,990",5
ASRock Challenger D Radeon RX 5600 XT DirectX 12 RX5600XT CLD 6GO 6GB 192-Bit GDDR6 PCI Express 4.0 x16 HDCP Ready Video Card,ASRock,"21,118",4
ASUS ROG STRIX GeForce RTX 2060 DirectX 12 ROG-STRIX-RTX2060-O6G-GAMING 6GB 192-Bit GDDR6 PCI Express 3.0 HDCP Ready Video Card,ASUS,"29,415",5
"EVGA GeForce RTX 2080 Ti K|NGP|N GAMING, 11G-P4-2589-KR, 11GB GDDR6, iCX2 Technology, OLED Display, Metal Backplate",EVGA,"122,733",5
"EVGA GeForce RTX 2070 SUPER BLACK GAMING, 08G-P4-3071-KR, 8GB GDDR6",EVGA,"37,640",4
ASUS ROG STRIX Radeon RX 5600 XT ROG-STRIX-RX5600XT-O6G-GAMING 6GB 192-Bit GDDR6 PCI Express 4.0 HDCP Ready CrossFireX Support Video Card,ASUS,"25,644",4
"EVGA GeForce GTX 1650 XC Ultra GAMING Video Card, 04G-P4-1157-KR, 4GB GDDR5",EVGA,"13,576",5
"EVGA GeForce RTX 2080 SUPER BLACK GAMING, 08G-P4-3081-KR, 8GB GDDR6",EVGA,"52,812",4
"EVGA GeForce RTX 2070 SUPER XC ULTRA GAMING, 08G-P4-3173-KR, 8GB GDDR6, Dual HDB Fans, RGB LED, Metal Backplate",EVGA,"40,910",4
MSI GeForce RTX 2070 SUPER DirectX 12 RTX 2070 SUPER VENTUS OC 8GB 256-Bit GDDR6 PCI Express 3.0 x16 HDCP Ready SLI Support Video Card,MSI,"38,757",4
ASUS ROG Strix Radeon RX 560 O4GB Gaming OC Edition GDDR5 DP HDMI DVI AMD Graphics Card (ROG-STRIX-RX560-O4G-GAMING),ASUS,"12,159",3
"EVGA GeForce GTX 1660 XC Black GAMING, 06G-P4-1161-KR, 6GB GDDR5, HDB Fan",EVGA,"17,238",5
"EVGA GeForce RTX 2070 SUPER XC GAMING, 08G-P4-3172-KR, 8GB GDDR6, Dual HDB Fans, RGB LED, Metal Backplate",EVGA,"40,728",4
MSI GeForce GTX 1660 DirectX 12 GTX 1660 GAMING X 6G 6GB 192-Bit GDDR5 PCI Express 3.0 x16 HDCP Ready Video Card,MSI,"18,737",5
MSI Radeon RX 5700 DirectX 12 RX 5700 MECH OC 8GB 256-Bit GDDR6 PCI Express 4.0 HDCP Ready CrossFireX Support Video Card,MSI,"28,325",4
ASRock Radeon RX 5700 DirectX 12 RX 5700 CHALLENGER D 8G OC 8GB 256-Bit GDDR6 PCI Express 4.0 HDCP Ready Video Card,ASRock,"24,355",4
MSI GeForce RTX 2080 DirectX 12 RTX 2080 VENTUS 8G OC 8GB 256-Bit GDDR6 PCI Express 3.0 x16 HDCP Ready SLI Support Video Card,MSI,"51,324",5
"EVGA GeForce RTX 2080 FTW3 ULTRA HYBRID GAMING, 08G-P4-2284-KR, 8GB GDDR6, RGB LED & iCX2 Technology",EVGA,"52,660",5
PowerColor RED DEVIL Radeon RX 5700 DirectX 12 AXRX 5700 8GBD6-3DHE/OC 8GB 256-Bit GDDR6 PCI Express 4.0 CrossFireX Support ATX Video Card,PowerColor,"29,229",4
ASRock Challenger D Radeon RX 5500 XT DirectX 12 RX5500XT CLD 4GO 4GB 128-Bit GDDR6 PCI Express 4.0 x8 HDCP Ready Video Card,ASRock,"13,576",3
MSI GeForce RTX 2060 SUPER DirectX 12 RTX 2060 SUPER GAMING 8GB 256-Bit GDDR6 PCI Express 3.0 x16 HDCP Ready Video Card,MSI,"32,479",4
"EVGA GeForce RTX 2080 SUPER FTW3 HYBRID GAMING Video Card, 08G-P4-3288-KR, 8GB GDDR6, RGB LED Logo, iCX2 Technology, Metal Backplate",EVGA,"61,092",4
MSI GeForce RTX 2080 SUPER DirectX 12 RTX 2080 Super Gaming TRIO 8GB 256-Bit GDDR6 PCI Express 3.0 x16 HDCP Ready SLI Support Video Card,MSI,"54,413",4
MSI GeForce RTX 2060 SUPER DirectX 12 RTX 2060 SUPER GAMING X 8GB 256-Bit GDDR6 PCI Express 3.0 x16 HDCP Ready Video Card,MSI,"31,892",4
"EVGA GeForce RTX 2080 XC2 ULTRA GAMING, 08G-P4-2187-KR, 8GB GDDR6, iCX2 & RGB LED",EVGA,"51,176",5
ASUS Dual GeForce RTX 2060 DirectX 12 DUAL-RTX2060-O6G 6GB 192-Bit GDDR6 PCI Express 3.0 HDCP Ready Video Card,ASUS,"30,169",5
MSI GeForce RTX 2080 SUPER DirectX 12 RTX 2080 Super Ventus OC 8GB 256-Bit GDDR6 PCI Express 3.0 x16 HDCP Ready SLI Support Video Card,MSI,"53,197",4
MSI GeForce RTX 2080 Ti DirectX 12 RTX 2080 TI VENTUS 11G OC 11GB 352-Bit GDDR6 PCI Express 3.0 x16 HDCP Ready SLI Support Video Card,MSI,"85,353",5
MSI Radeon RX 5700 DirectX 12 RX 5700 EVOKE OC 8GB 256-Bit GDDR6 PCI Express 4.0 HDCP Ready CrossFireX Support Video Card,MSI,"25,117",4
"ZOTAC GAMING GeForce RTX 2060 SUPER AMP 8GB GDDR6 256-bit 14 Gbps Gaming Graphics Card, IceStorm 2.0, Strong Overclock, Spectra Lighting, ZT-T20610D-10P",ZOTAC,"32,677",No rating
"ZOTAC GAMING GeForce RTX 2080 SUPER AMP 8GB GDDR6 256-bit 15.5 Gbps Gaming Graphics Card, IceStorm 2.0, Strong Overclock, Freeze Fan Stop, PowerBoost, Spectra Lighting, 16+4 Power Phase ZT-T20820D-10P",ZOTAC,"54,884",No rating
"EVGA GeForce RTX 2060 SC GAMING, 06G-P4-2062-KR, 6GB GDDR6, HDB Fan",EVGA,"26,035",5
ZOTAC GeForce GTX 1060 DirectX 12 ZT-P10620A-10M 6GB 192-Bit GDDR5X PCI Express 3.0 HDCP Ready Video Card,ZOTAC,"16,593",4
MSI GeForce RTX 2060 DirectX 12 RTX 2060 VENTUS 6G OC 6GB 192-Bit GDDR6 PCI Express 3.0 x16 HDCP Ready Video Card,MSI,"26,981",4
"EVGA GeForce RTX 2060 SUPER XC ULTRA GAMING, 08G-P4-3163-KR, 8GB GDDR6, Dual HDB Fans, RGB LED, Metal Backplate",EVGA,"34,960",4
ASRock Radeon RX 5700 XT DirectX 12 RX 5700 XT CHALLENGER D 8G OC 8GB 256-Bit GDDR6 PCI Express 4.0 HDCP Ready Video Card,ASRock,"26,778",3
MSI GeForce RTX 2060 SUPER DirectX 12 RTX 2060 SUPER VENTUS GP OC 8GB 256-Bit GDDR6 PCI Express 3.0 x16 HDCP Ready Video Card,MSI,"30,923",5
PowerColor RED DRAGON Radeon RX 5500 XT DirectX 12 AXRX 5500 XT 8GBD6-DHR/OC 8GB 128-Bit GDDR6 PCI Express 4.0 CrossFireX Support ATX Video Card,PowerColor,"16,488",5
"EVGA GeForce GTX 1660 XC GAMING, 06G-P4-1163-KR, 6GB GDDR5, HDB Fan",EVGA,"17,987",5
MSI GeForce GTX 1660 Ti DirectX 12 GTX 1660 TI VENTUS XS 6G OC 6GB 192-Bit GDDR6 PCI Express 3.0 x16 HDCP Ready Video Card,MSI,"21,278",4
"EVGA GeForce RTX 2080 Ti FTW3 ULTRA GAMING, 11G-P4-2487-KR, 11GB GDDR6, iCX2 & RGB LED",EVGA,"96,698",4
MSI Radeon RX 5700 XT DirectX 12 RX 5700 XT MECH OC 8GB 256-Bit GDDR6 PCI Express 4.0 HDCP Ready CrossFireX Support Video Card,MSI,"29,010",3
PowerColor Radeon RX 5700 DirectX 12 AXRX 5700 8GBD6-3DH/OC 8GB 256-Bit GDDR6 PCI Express 4.0 CrossFireX Support ATX Video Card,PowerColor,"26,398",4
XFX RX-560D4SFG5 Radeon RX 560 4GB GDDR5 - 1196 MHz Core - 14 CU - Dual Slot Space Required Graphic Card,XFX,"9,805",4
MSI Radeon R7 240 DirectX 11.2 R7 240 2GD3 64b LP 2GB 64-Bit DDR3 HDCP Ready CrossFireX Support Low Profile Video Card,MSI,"4,056",5
XFX Radeon VII DirectX 12 RX-VEGMA3FD6 16GB 4096-Bit HBM2 PCI Express 3.0 CrossFireX Support Video Card,XFX,"44,969",4
ASUS Turbo GeForce RTX 2060 DirectX 12 TURBO-RTX2060-6G 6GB 192-Bit GDDR6 PCI Express 3.0 HDCP Ready Video Card,ASUS,"28,118",5
ASUS ROG Strix GeForce RTX 2080 Ti DirectX 12 ROG-STRIX-RTX2080TI-O11G-GAMING 11GB 352-Bit GDDR6 PCI Express 3.0 HDCP Ready SLI Support Video Card,ASUS,"95,211",4
XFX Radeon RX 5500 XT DirectX 12 RX-55XT826D6 8GB 128-Bit GDDR6 PCI Express 4.0 Video Card,XFX,"16,593",4
ASUS GeForce GTX 1650 4GB Phoenix Fan Overclocked Edition HDMI DP DVI Graphics Card (PH-GTX1650-O4G),ASUS,"11,399",No rating
ASUS ROG STRIX GeForce RTX 2060 DirectX 12 ROG-STRIX-RTX2060-A6G-GAMING 6GB 192-Bit GDDR6 PCI Express 3.0 HDCP Ready Video Card,ASUS,"28,925",5
SAPPHIRE Radeon RX 5600 XT 11296-01-20G 6GB GDDR6 PCI Express 4.0 x16 Video Card,Sapphire Tech,"21,735",1
"EVGA GeForce RTX 2060 SUPER XC GAMING, 08G-P4-3162-KR, 8GB GDDR6, Dual HDB Fans, RGB LED, Metal Backplate",EVGA,"33,473",4
ASRock Phantom Gaming D Radeon RX 570 DirectX 12 RX570 4G 4GB 256-Bit GDDR5 PCI Express 3.0 x16 HDCP Ready Video Card,ASRock,"9,594",4
MSI Radeon RX 5600 XT DirectX 12 RX 5600 XT MECH OC 6GB 192-Bit GDDR6 PCI Express 4.0 HDCP Ready Video Card,MSI,"22,627",3
"EVGA GeForce RTX 2080 TI FTW3 ULTRA HYBRID GAMING, 11G-P4-2484-KR, 11GB GDDR6, RGB LED & iCX2 Technology - 9 Thermal Sensors",EVGA,"111,574",4
"EVGA GeForce RTX 2070 SUPER GAMING, 08G-P4-3070-KR, 8GB GDDR6, RGB LED Logo",EVGA,"39,722",4
SAPPHIRE PULSE Radeon RX 580 DirectX 12 11265-05-20G 8GB 256-Bit GDDR5 PCI Express 3.0 CrossFireX Support Video Cards,Sapphire Tech,"13,680",4
ASUS Turbo GeForce RTX 2080 SUPER TURBO-RTX2080S-8G-EVO 8GB 256-Bit GDDR6 PCI Express 3.0 HDCP Ready SLI Support Video Card,ASUS,"53,760",5
GIGABYTE GeForce GTX 1050 Ti DirectX 12 GV-N105TD5-4GD 4GB 128-Bit GDDR5 PCI Express 3.0 x16 ATX Video Cards,GIGABYTE,"11,798",5
MSI GeForce RTX 2080 TI GAMING X TRIO Video Card,MSI,"91,070",4
MSI GeForce RTX 2060 DirectX 12 RTX 2060 VENTUS XS 6G OC 6GB 192-Bit GDDR6 PCI Express 3.0 x16 HDCP Ready Video Card,MSI,"24,890",4
GIGABYTE GeForce RTX 2060 DirectX 12 GV-N2060WF2OC-6GD R2 6GB 192-Bit GDDR6 PCI Express 3.0 x16 ATX Video Card,GIGABYTE,"25,838",4
"EVGA GeForce RTX 2080 XC HYBRID GAMING Video Card, 08G-P4-2184-KR, 8GB GDDR6, HYBRID & RGB LED Logo",EVGA,"52,069",4
MSI GeForce GTX 1650 DirectX 12 GTX 1650 VENTUS XS 4G OC 4GB 128-Bit GDDR5 PCI Express 3.0 x16 HDCP Ready Video Card,MSI,"12,067",4
ASRock Phantom Gaming D Radeon RX 570 DirectX 12 RX570 8G OC 8GB 256-Bit GDDR5 PCI Express 3.0 x16 HDCP Ready Video Card,ASRock,"11,125",4
ASRock Phantom Gaming X Radeon RX Vega 56 DirectX 12 RX VEGA 56 8G 8GB 2048-Bit HBM2 PCI Express 3.0 x16 HDCP Ready Video Card,ASRock,"19,284",4
MSI GeForce GTX 1650 DirectX 12 GTX 1650 GAMING X 4G 4GB 128-Bit GDDR5 PCI Express 3.0 x16 HDCP Ready Video Card,MSI,"12,160",4
ASUS GeForce RTX 2080 8G GDDR6 Dual-Fan Edition VR Ready HDMI DP USB Type-C Graphics Card (DUAL-RTX2080-8G),ASUS,"56,567",No rating
MSI Radeon RX 580 DirectX 12 RX 580 ARMOR 8G OC 8GB 256-Bit GDDR5 PCI Express x16 HDCP Ready CrossFireX Support Video Card,MSI,"14,092",4
"EVGA GeForce RTX 2080 Ti XC HYBRID GAMING, 11G-P4-2384-KR, 11GB GDDR6, HYBRID, RGB LED Logo, Metal Backplate",EVGA,"99,637",4
XFX THICC II Radeon RX 5700 XT 8 GB GDDR6 Graphic Card RX57XT8DFD6,XFX,"32,489",No rating
ASUS ROG Strix GeForce RTX 2080 Ti DirectX 12 ROG-STRIX-RTX2080TI-11G-GAMING 11GB 352-Bit GDDR6 PCI Express 3.0 HDCP Ready SLI Support Video Card,ASUS,"93,451",4
"EVGA GeForce GTX 1660 Ti XC GAMING, 06G-P4-1263-KR, 6GB GDDR6, HDB Fan",EVGA,"21,403",4
"EVGA GeForce RTX 2060 GAMING, 06G-P4-2060-KR, 6GB GDDR6, HDB Fan",EVGA,"25,177",4
"SAPPHIRE NITRO+ Radeon RX 5500 XT DirectX 12 100418NT+8GSEL 8GB 128-Bit GDDR6 PCI Express 4.0 ATX Video Card, Special Edition",Sapphire Tech,"18,101",4
ASUS ROG STRIX AMD Radeon RX 5500 XT Overclocked 8G GDDR6 HDMI DisplayPort Gaming Graphics Card (ROG-STRIX-RX5500XT-O8G-GAMING),ASUS,"17,479",1
ASRock Challenger D Radeon RX 5500 XT DirectX 12 RX5500XT CLD 8GO 8GB 128-Bit GDDR6 PCI Express 4.0 x8 HDCP Ready Video Card,ASRock,"14,989",2
NVIDIA TITAN RTX DirectX 12 900-1G150-2500-000 SB 24GB 384-Bit GDDR6 HDCP Ready Video Card,NVIDIA,"189,985",4
"EVGA GeForce GTX 1650 SC ULTRA GAMING, 04G-P4-1057-KR, 4GB GDDR5, Dual Fan, Metal Backplate",EVGA,"12,841",4
PNY GeForce RTX 2070 SUPER Graphic Card - 8 GB GDDR6,"PNY Technologies, Inc.","41,099",No rating
"Sapphire PULSE Radeon RX 580 8GB GDDR5 PCI-E Dual HDMI / DVI-D / Dual DP OC w/ Backplate (UEFI), 100411P8GOCL",Sapphire Tech,"13,680",4
PowerColor RED DRAGON Radeon RX 570 DirectX 12 AXRX 570 4GBD5-3DHD/OC 4GB 256-Bit GDDR5 PCI Express 3.0 CrossFireX Support ATX Video Card,PowerColor,"9,880",4
MSI GeForce GT 710 DirectX 12 GT 710 1GD3H LPV1 1GB 64-Bit DDR3 PCI Express 2.0 x8 HDCP Ready Low Profile Video Card,MSI,"3,776",5
MSI VENTUS GeForce RTX 2070 SUPER VENTUS OC GeForce RTX 2070 SUPER Graphic Card - 8 GB GDDR6,MSI,"42,624",4
GIGABYTE GeForce GT 710 DirectX 12 GV-N710D5-2GL 2GB 64-Bit DDR5 PCI Express 2.0 x8 Low Profile Video Card,GIGABYTE,"4,497",5
ASUS AREZ RX 560 O2G OC Edition GDDR5 DP HDMI DVI AMD Graphics Card (AREZ-RX560-O2G-EVO),ASUS,"10,559",No rating
ASRock Phantom Gaming Radeon RX 560 DirectX 12 RX560 4G 4GB 128-Bit GDDR5 PCI Express 3.0 x16 (Uses x8) HDCP Ready Video Card,ASRock,"8,309",4
MSI GeForce GTX 1050 Ti DirectX 12 GTX 1050 Ti GAMING X 4G 4GB 128-Bit GDDR5 PCI Express 3.0 x16 HDCP Ready ATX Video Card,MSI,"12,822",4
ASUS Turbo GeForce RTX 2070 SUPER TURBO-RTX2070S-8G-EVO 8GB 256-Bit GDDR6 PCI Express 3.0 HDCP Ready SLI Support Video Card,ASUS,"39,974",5
GIGABYTE GeForce RTX 2080 SUPER DirectX 12 GV-N208STURBO-8GC 8GB 256-Bit GDDR6 PCI Express 3.0 x16 SLI Support ATX Video Card,GIGABYTE,"52,796",3
"EVGA GeForce GTX 1060 SC GAMING, ACX 2.0 (Single Fan), 03G-P4-6162-KR, 3GB GDDR5, DX12 OSD Support (PXOC)",EVGA,"12,920",4
XFX RS XXX Edition Radeon RX 570 DirectX 12 RX-570P427D6 4GB OC+ 1284 MHz XFX Custom Backplate 256-Bit DDR5 PCI Express 3.0 CrossFireX Support Video Card,XFX,"10,383",4
MSI GeForce GTX 1050 Ti DirectX 12 GTX 1050 Ti 4GT OC 4GB 128-Bit GDDR5 PCI Express 3.0 x16 HDCP Ready ATX Video Card,MSI,"12,822",4
PowerColor RED DRAGON Radeon RX 590 DirectX 12 AXRX 590 8GBD5-DHD 8GB 256-Bit GDDR5 PCI Express 3.0 CrossFireX Support ATX Video Card,PowerColor,"14,730",3
"EVGA GeForce RTX 2080 Ti XC ULTRA GAMING, 11G-P4-2383-KR, 11GB GDDR6, Dual HDB Fans & RGB LED",EVGA,"92,256",3
Sapphire 11266-04-20G Radeon PULSE RX 570 4GB GDDR5 DUAL HDMI / DVI-D / DUAL DP OC with backplate (UEFI) PCI-E Graphics Card,Sapphire Tech,"10,639",3
GIGABYTE GeForce GTX 1050 Ti DirectX 12 GV-N105TOC-4GD 4GB 128-Bit GDDR5 PCI Express 3.0 x16 ATX Video Cards,GIGABYTE,"12,919",4
ASRock Phantom Gaming X Radeon RX 580 DirectX 12 RX580 8G OC 8GB 256-Bit GDDR5 PCI Express 3.0 x16 HDCP Ready Video Card,ASRock,"11,798",3
SAPPHIRE PULSE Radeon RX 550 DirectX 12 100414P4G-2L 4GB 128-Bit GDDR5 Video Card,Sapphire Tech,"6,042",4
MSI Radeon RX 5700 DirectX 12 RX 5700 GAMING X 8GB 256-Bit GDDR6 PCI Express 4.0 HDCP Ready CrossFireX Support Video Card,MSI,"27,442",4
MSI Radeon RX 570 DirectX 12 RX 570 ARMOR 8G OC 8GB 256-Bit GDDR5 PCI Express x16 HDCP Ready CrossFireX Support ATX Video Card,MSI,"11,313",3
MSI GeForce GT 1030 DirectX 12 GT 1030 2GH LP OC 2GB 64-Bit GDDR5 PCI Express 3.0 x16 (uses x4) HDCP Ready Low Profile Video Card,MSI,"7,014",4
"GIGABYTE GeForce GTX 1050 Ti OC Low Profile 4GB Video Card, GBTGV-N105TOC-4GL",GIGABYTE,"11,799",4
MSI GeForce GT 710 DirectX 12 GT 710 2GD3H LP 2GB 64-Bit DDR3 PCI Express 2.0 x16 HDCP Ready Low Profile Video Card,MSI,"4,559",4
GIGABYTE GeForce RTX 2060 SUPER DirectX 12 GV-N206SGAMING OC-8GD v2.0 8GB 256-Bit GDDR6 PCI Express 3.0 x16 ATX Video Card,GIGABYTE,"31,158",No rating
MSI G206S-GX RTX 2060 Super Gaming x 8GB GDDR6 Twin-Frozr Cooler,MSI,"35,704",No rating
ZOTAC GeForce GT 710 DirectX 12 ZT-71304-20L 1GB 64-Bit DDR3 PCI Express x1 HDCP Ready Video Card,ZOTAC,"3,343",4
MSI GeForce GT 710 DirectX 12 GT 710 1GD3H LP 1GB 64-Bit DDR3 PCI Express 2.0 x16 HDCP Ready Low Profile Video Card,MSI,"3,771",4
PowerColor RED DRAGON Radeon RX 580 DirectX 12 AXRX 580 8GBD5-3DHDV2/OC 8GB 256-Bit GDDR5 PCI Express 3.0 CrossFireX Support ATX Video Card,PowerColor,"13,576",3
MSI GeForce GT 730 DirectX 12 N730-2GD3V3 2GB 128-Bit DDR3 PCI Express 2.0 x16 HDCP Ready ATX Video Card,MSI,"5,279",4
"GIGABYTE GeForce RTX 2060 WINDFORCE 6G Graphics Card, 2 x WINDFORCE Fans, 6GB 192-Bit GDDR6, GV-N2060WF2-6GD Video Card",GIGABYTE,"25,482",No rating
MSI Radeon RX 5500 XT DirectX 12 RX 5500 XT GAMING X 8G 8GB 128-Bit GDDR6 PCI Express 4.0 HDCP Ready Video Card,MSI,"16,970",3
MSI GeForce 210 DirectX 10.1 N210-MD1G/D3 1GB 64-Bit DDR3 PCI Express 2.0 x16 HDCP Ready Low Profile Ready Video Card,MSI,"3,394",4
MSI Radeon RX 5700 XT DirectX 12 RX 5700 XT GAMING 8GB 256-Bit GDDR6 PCI Express 4.0 x16 HDCP Ready CrossFireX Support Video Card,MSI,"32,479",5
ASRock Phantom Gaming Radeon RX 550 DirectX 12 RX550 2G 2GB 128-Bit GDDR5 PCI Express 3.0 x16 (Uses x8) HDCP Ready Video Card,ASRock,"6,789",3
GIGABYTE GeForce GTX 1650 SUPER DirectX 12 GV-N165SOC-4GD 4GB 128-Bit GDDR6 PCI Express 3.0 x16 Video Card,GIGABYTE,"11,991",3
GIGABYTE GeForce RTX 2060 SUPER DirectX 12 GV-N206SGAMINGOC WHITE-8GD REV2.0 8GB 256-Bit GDDR6 PCI Express 3.0 x16 ATX Video Card,GIGABYTE,"31,150",No rating
ASUS Phoenix GeForce RTX 2060 DirectX 12 PH-RTX2060-6G 6GB 192-Bit GDDR6 PCI Express 3.0 HDCP Ready Video Card,ASUS,"25,838",3
"GIGABYTE AORUS GeForce RTX 2070 Super 8G Graphics Card, WINDFORCE Stack, 8GB 256-Bit GDDR6, GV-N207SAORUS-8GC Video Card",GIGABYTE,"44,836",4
PNY GeForce GTX 1650 4GB XLR8 Gaming Overclocked Edition Graphics Card,"PNY Technologies, Inc.","13,576",3
"EVGA GeForce GT 1030 SC, 02G-P4-6333-KR, 2GB GDDR5, Low Profile",EVGA,"13,576",5
MSI GeForce RTX 2070 DirectX 12 RTX 2070 ARMOR 8G OC 8GB 256-Bit GDDR6 PCI Express 3.0 x16 HDCP Ready Video Card,MSI,"35,600",4
ASUS Dual GeForce RTX 2080 Ti DirectX 12 DUAL-RTX2080TI-O11G 11GB 352-Bit GDDR6 PCI Express 3.0 HDCP Ready SLI Support Video Card,ASUS,"87,518",2
ASUS GeForce GTX 1050 Ti GTX1050TI-O4G-LP-BRK 4GB 128-Bit GDDR5 PCI Express 3.0 HDCP Ready Low Profile Video Card,ASUS,"14,330",5
PNY GeForce GTX 1660 SUPER Graphic Card 6 GB GDDR6 VCG16606SBLMPB,"PNY Technologies, Inc.","19,610",No rating
"GIGABYTE Geforce RTX 2060 OC GG Graphics Card, 2 x WINDFORCE Fans, 6GB 192-Bit GDDR6, GV-N2060OC-6GD  Video Card",GIGABYTE,"24,171",4
"EVGA GeForce RTX 2070 SUPER FTW3 GAMING, 08G-P4-3273-KR, 8GB GDDR6, iCX2 Technology, RGB LED, Metal Backplate",EVGA,"44,076",No rating
MSI GeForce GT 710 DirectX 12 GT 710 2GD3 LP 2GB 64-Bit DDR3 PCI Express 2.0 HDCP Ready Low Profile Video Card,MSI,"4,525",3
MSI GeForce RTX 2080 SUPER DirectX 12 RTX 2080 SUPER SEA HAWK X 8GB 256-Bit GDDR6 PCI Express 3.0 x16 HDCP Ready SLI Support Video Card,MSI,"56,567",No rating
MSI Radeon RX 5500 XT DirectX 12 RX 5500 XT MECH 4G OC 4GB 128-Bit GDDR6 PCI Express 4.0 HDCP Ready Video Card,MSI,"13,576",No rating
"EVGA GeForce GTX 1660 BLACK GAMING Video Card, 06G-P4-1160-KR, 6GB GDDR5, Single Fan",EVGA,"15,621",No rating
GIGABYTE Radeon RX 550 DirectX 12 GV-RX550D5-2GD REV 2.0 2GB 128-Bit GDDR5 PCI Express 3.0 x8 ATX Video Card,GIGABYTE,"9,051",4
MSI GeForce GT 1030 DirectX 12 GT 1030 2G LP OC 2GB 64-Bit GDDR5 PCI Express 3.0 x16 (uses x4) HDCP Ready Low Profile Video Card,MSI,"7,316",4
ASRock Phantom Gaming X Radeon RX 590 DirectX 12 RX590 8G OC 8GB 256-Bit GDDR5 PCI Express 3.0 x16 HDCP Ready Video Card,ASRock,"16,719",3
Asus DUAL-RTX2080S-O8G-EVO-V2 GeForce RTX 2080 SUPER Graphic Card - 8 GB GDDR6,ASUS,"55,060",No rating
ASUS ASUS TUF Gaming 3 Radeon RX 5600 XT TUF 3-RX5600XT-O6G-EVO-GAMING 6GB 192-Bit GDDR6 PCI Express 4.0 HDCP Ready CrossFireX Support Video Card,ASUS,"23,733",No rating
MSI Radeon RX Vega 56 DirectX 12 Vega 56 AIR BOOST 8G 8GB 2048-Bit HBM2 PCI Express x16 HDCP Ready CrossFireX Support Video Card,MSI,"18,884",2
"EVGA GeForce GT 1030 SC, 02G-P4-6332-KR, 2GB GDDR5, Passive, Low Profile",EVGA,"7,818",4
Asus ROG Strix ROG-STRIX-RTX2060S-A8G-GAMING GeForce RTX 2060 SUPER Graphic Card - 8 GB GDDR6,ASUS,"34,198",No rating
"Visiontek Radeon HD 7750 2GB GDDR5 6M (6 x Mini DP), 900614",VisionTek,"17,175",4
PowerColor Radeon RX 5600 XT DirectX 12 AXRX 5600XT 6GBD6-3DH/OC 6GB 192-Bit GDDR6 PCI Express 4.0 CrossFireX Support ATX Video Card,PowerColor,"22,250",1
VisionTek Radeon 5450 DirectX 11 900860 1GB DDR3 PCI Express 2.1 x16 ATX Video Card,VisionTek,"3,215",4
ASUS Turbo GeForce RTX 2060 SUPER TURBO-RTX2060S-8G-EVO 8GB 256-Bit GDDR6 PCI Express 3.0 HDCP Ready Video Card,ASUS,"31,157",No rating
"EVGA GeForce RTX 2080 SUPER FTW3 HYDRO COPPER GAMING Video Card, 08G-P4-3289-KR, 8GB GDDR6, RGB LED, iCX2 Technology, Metal Backplate",EVGA,"64,948",No rating
"EVGA GeForce RTX 2080 Ti GAMING Video Card, 11G-P4-2380-KR, 11GB GDDR6, RGB LED Logo, Metal Backplate",EVGA,"93,172",No rating
GIGABYTE Radeon RX Vega 56 DirectX 12 GV-RXVEGA56GAMING OC-8GD 8GB 2048-Bit HBM2 PCI Express 3.0 x16 CrossFireX Support ATX Video Card,GIGABYTE,"21,278",2
PNY GeForce RTX 2060 Super Graphic Card - 8 GB GDDR6,"PNY Technologies, Inc.","34,631",No rating
MSI R7 240 2GD3 LP Radeon R7 240 Graphic Card - 730 MHz Core - 780 MHz Boost Clock - 2 GB DDR3 SDRAM - Low-profile,MSI,"5,319",No rating
MSI GeForce GT 730 DirectX 12 N730-4GD3V2 4GB 128-Bit DDR3 PCI Express 2.0 x16 HDCP Ready ATX Video Card,MSI,"7,165",3
SAPPHIRE PULSE Radeon RX 5500 XT DirectX 12 100418P8GL 8GB 128-Bit GDDR6 PCI Express 4.0 ATX Video Card,Sapphire Tech,"15,739",No rating
MSI GeForce GTX 1660 Ti DirectX 12 GTX 1660 Ti GAMING 6G 6GB 192-Bit GDDR6 PCI Express 3.0 x16 HDCP Ready Video Card,MSI,"22,484",No rating
"EVGA GeForce RTX 2080 Ti FTW3 ULTRA HYDRO COPPER GAMING, 11G-P4-2489-KR, 11GB GDDR6, RGB LED & iCX2 Technology - 9 Thermal Sensors",EVGA,"118,087",No rating
GIGABYTE GeForce RTX 2080 SUPER DirectX 12 GV-N208SGAMINGOC WB-8GD 8GB 256-Bit GDDR6 PCI Express 3.0 x16 SLI Support ATX Video Card,GIGABYTE,"57,321",No rating
GIGABYTE AORUS GeForce RTX 2080 Ti DirectX 12 GV-N208TIXEB-11GC 11GB 256-Bit GDDR6 PCI Express 3.0 x4 SLI Support ATX Gaming Box,GIGABYTE,"113,134",No rating
ASRock Phantom Gaming D2 Radeon RX 5600 XT DirectX 12 RX5600XT PGD2 6GO 6GB 192-Bit GDDR6 PCI Express 4.0 x16 HDCP Ready Video Card,ASRock,"22,627",No rating
MSI Radeon RX 5600 XT DirectX 12 RX 5600 XT GAMING X 6GB 192-Bit GDDR6 PCI Express 4.0 HDCP Ready Video Card,MSI,"24,889",No rating
PNY GeForce GTX 1660 Graphic Card 1.53 GHz 6 GB GDDR5 VCG16606BLMPB,"PNY Technologies, Inc.","19,486",No rating
ASUS Dual GeForce RTX 2060 DirectX 12 DUAL-RTX2060-A6G 6GB 192-Bit GDDR6 PCI Express 3.0 HDCP Ready Video Card,ASUS,"29,792",No rating
"Visiontek Radeon HD 7750 SFF 1GB DDR3 3M (2 x HDMI, Mini DP), 900574",VisionTek,"10,936",5
GIGABYTE GeForce RTX 2060 DirectX 12 GV-N2060GAMINGOC PRO-6GD Ver 2.0 6GB 192-Bit GDDR6 PCI Express 3.0 x16 ATX Video Card,GIGABYTE,"27,358",No rating
"EVGA GeForce RTX 2060 XC ULTRA BLACK GAMING Video Card, 06G-P4-2163-KR, 6GB GDDR6, Dual HDB Fans",EVGA,"26,778",No rating
PNY GeForce RTX 2080 SUPER Graphic Card - 8 GB GDDR6,"PNY Technologies, Inc.","57,702",No rating
ASUS ROG STRIX GeForce RTX 2080 SUPER Advanced Overclocked 8G GDDR6 HDMI DP 1.4 USB Type-C Gaming Graphics Card (ROG-STRIX-RTX2080S-A8G-GAMING),ASUS,"65,817",5
GIGABYTE Radeon RX 5500 XT DirectX 12 GV-R55XTGAMING OC-4GD 4GB 128-Bit GDDR6 PCI Express 4.0 x16 ATX Video Card,GIGABYTE,"14,240",No rating
"EVGA GeForce RTX 2080 SUPER FTW3 GAMING, 08G-P4-3283-KR, 8GB GDDR6, iCX2 Technology, RGB LED, Metal Backplate",EVGA,"58,993",No rating
ASUS TUF Gaming GeForce GTX 1660 SUPER Overclocked 6GB Edition HDMI DP DVI Gaming Graphics Card (TUF-GTX1660S-O6G-GAMING),ASUS,"18,923",5
MSI Radeon RX 5700 DirectX 12 RX 5700 GAMING 8GB 256-Bit GDDR6 PCI Express 4.0 x16 HDCP Ready CrossFireX Support Video Card,MSI,"26,778",No rating
MSI GeForce GTX 1660 SUPER DirectX 12 GTX 1660 SUPER GAMING X 6GB 192-Bit GDDR6 PCI Express 3.0 x16 HDCP Ready Video Card,MSI,"20,394",5
PowerColor RED DRAGON Radeon RX 5600 XT DirectX 12 AXRX 5600XT 6GBD6-3DHR/OC 6GB 192-Bit GDDR6 PCI Express 4.0 CrossFireX Support ATX Video Card,PowerColor,"23,415",3
DIAMOND Radeon HD 6450 DirectX 11 6450PE31G 1GB 64-Bit GDDR3 PCI Express 2.1 x16 HDCP Ready CrossFireX Support Video Card,Diamond Multimedia,"3,625",3
XFX Radeon RX 560 DirectX 12 RX-560P4SFG5 4GB 128-Bit DDR5 PCI Express 3.0 Video Card,XFX,"10,559",3
"PNY GeForce RTX 2060 6GB XLR8 Gaming Overclocked Edition Graphics Card, VCG20606DFPPB-O","PNY Technologies, Inc.","36,342",No rating
MSI GeForce RTX 2080 SUPER DirectX 12 RTX 2080 Super Ventus XS OC 8GB 256-Bit GDDR6 PCI Express 3.0 x16 HDCP Ready SLI Support Video Card,MSI,"52,797",No rating
GIGABYTE AORUS GeForce RTX 2080 SUPER DirectX 12 GV-N208SAORUS W-8GC 8GB 256-Bit GDDR6 PCI Express 3.0 x16 SLI Support ATX Video Card,GIGABYTE,"63,449",5
PowerColor RED DEVIL Radeon RX 5700 XT DirectX 12 AXRX 5700 XT 8GBD6-3DHE/OC 8GB 256-Bit GDDR6 PCI Express 4.0 CrossFireX Support ATX Video Card,PowerColor,"33,235",4
"GIGABYTE GeForce RTX 2080 Ti GAMING OC 11G Graphics Card, 3 x WINDFORCE Fans, 11GB 352-Bit GDDR6, GV-N208TGAMING OC-11GC Video Card",GIGABYTE,"102,603",3
"ZOTAC GAMING GeForce GTX 1660 6GB GDDR5 192-bit Gaming Graphics Card, Super Compact, ZT-T16600F-10L",ZOTAC,"19,077",5
"GIGABYTE GeForce RTX 2060 SUPER GAMING OC 3X 8G Graphics Card, 3 x WINDFORCE Fans, 8GB 256-Bit GDDR6, GV-N206SGAMING OC-8GD Video Card",GIGABYTE,"35,397",5
GIGABYTE Radeon RX 5500 XT DirectX 12 GV-R55XTOC-4GD 4GB 128-Bit GDDR6 PCI Express 4.0 x16 ATX Video Card,GIGABYTE,"13,490",No rating
GIGABYTE GeForce RTX 2070 SUPER DirectX 12 GV-N207SGAMINGOC WHITE-8GD 8GB 256-Bit GDDR6 PCI Express 3.0 x16 SLI Support ATX Video Card,GIGABYTE,"40,788",4
Sapphire 11265-05-20G Radeon PULSE RX 580 8GB GDDR5 DUAL HDMI / DVI-D / DUAL DP OC  Graphic Cards,Sapphire Tech,"15,049",5
"GIGABYTE GeForce GTX 1650 SUPER WINDFORCE OC 4G Graphics Card, 2 x WINDFORCE Fans, 4GB 128-Bit GDDR6, GV-N165SWF2OC-4GD Video Card",GIGABYTE,"16,544",5
"GIGABYTE GeForce GT 1030 Low Profile 2GB, GV-N1030D5-2GL",GIGABYTE,"6,798",5
ZOTAC GeForce GT 1030 2GB GDDR5 64-bit PCIe 3.0 DirectX 12 HDCP Ready Low Profile Video Card ZT-P10300A-10L,ZOTAC,"6,798",5
Sapphire 11293-03-40G NITRO+ AMD Radeon RX 5700 XT 8GB GDDR6 2HDMI/2DisplayPort PCI-Express 4.0 Video Card,Sapphire Tech,"36,240",No rating
"EVGA GeForce RTX 2060 XC GAMING, 6GB GDDR6, HDB Fan Graphics Card 06G-P4-2063-KR",EVGA,"26,711",4
"GIGABYTE GeForce GTX 1650 WINDFORCE OC 4G Graphics Card, 2 x WINDFORCE Fans, 4GB 128-Bit GDDR5, GV-N1650WF2OC-4GD Video Card",GIGABYTE,"14,403",4
"EVGA GeForce RTX 2060 XC ULTRA GAMING, 6GB GDDR6, Dual HDB Fans Graphics Card 06G-P4-2167-KR",EVGA,"40,079",5
"EVGA GeForce GTX 1660 SUPER SC ULTRA GAMING, 06G-P4-1068-KR, 6GB GDDR6, Dual Fan, Metal Backplate",EVGA,"19,414",5
"GIGABYTE GeForce GTX 1650 MINI ITX OC 4G Graphics Card, Mini ITX Form Factor, 4GB 128-Bit GDDR5, GV-N1650IXOC-4GD Video Card",GIGABYTE,"13,030",4
MSI GeForce RTX 2060 DirectX 12 RTX 2060 GAMING 6G 6GB 192-Bit GDDR6 PCI Express 3.0 x16 HDCP Ready Video Card,MSI,"30,723",5
"GIGABYTE GeForce GTX 1660 Ti WINDFORCE OC 6G Graphics Card, 2 x WINDFORCE Fans, 6GB 192-Bit GDDR6, GV-N166TWF2OC-6GD Video Card",GIGABYTE,"25,270",4
"GIGABYTE GeForce GTX 1650 OC 4G Graphics Card, 2 x WINDFORCE Fans, 4GB 128-Bit GDDR5, GV-N1650OC-4GD Video Card",GIGABYTE,"16,797",5
XFX Radeon RX 5700 XT 8GB GDDR6 Video Graphics Card RX57XT8OFF6,XFX,"31,666",4
ASUS GeForce GT 1030 2GB Phoenix Fan OC Edition HDMI DVI Graphics Card (PH-GT1030-O2G),ASUS,"6,962",5
"ZOTAC GAMING GeForce GTX 1660 Ti AMP 6GB GDDR6 192-bit Gaming Graphics Card, Super Compact, IceStorm 2.0 Cooling - ZT-T16610D-10M",ZOTAC,"31,753",3
NVIDIA GeForce RTX 2080 Ti Founders Edition 11GB GDDR6 PCI Express 3.0 Graphics Card with Free Battlefield V Combo,NVIDIA,"114,017",5
MSI Radeon RX 570 DirectX 12 RX 570 ARMOR 4G OCV1 4GB 256-Bit GDDR5 PCI Express 3.0 x16 HDCP Ready CrossFireX Support ATX Video Card,MSI,"12,601",4
GIGABYTE AORUS GeForce RTX 2080 TI DirectX 12 GV-N208TAORUS X-11GC Video Card,GIGABYTE,"102,239",4
ASUS GeForce GTX 1050 Ti 4GB PHOENIX Fan Edition DVI-D HDMI DP 1.4 Gaming Graphics Card (PH-GTX1050Ti-4G),ASUS,"14,366",4
MSI GeForce GTX 1050 Ti DirectX 12 GTX 1050 TI 4GT LP 4GB 128-Bit GDDR5 PCI Express 3.0 x16 HDCP Ready Low Profile Video Card,MSI,"13,227",5
MSI GeForce RTX 2080 SUPER DirectX 12 RTX 2080 Super Gaming X TRIO 8GB 256-Bit GDDR6 PCI Express 3.0 x16 HDCP Ready SLI Support Video Card,MSI,"62,905",5
MSI GeForce RTX 2080 SUPER DirectX 12 RTX 2080 Super Aero 8GB 256-Bit GDDR6 PCI Express 3.0 x16 HDCP Ready SLI Support Video Card,MSI,"60,487",No rating
ASUS GeForce GT 1030 2GB GDDR5 HDMI DVI Graphics Card (GT1030-2G-CSM),ASUS,"6,664",5
ASUS GeForce RTX 2080 Advanced Overclocked 8G GDDR6 Dual-Fan Edition VR Ready HDMI DP USB Type-C Graphics Card (DUAL-RTX2080-A8G),ASUS,"69,328",4
"EVGA GeForce GTX 1660 XC Ultra GAMING, 06G-P4-1167-KR, 6GB GDDR5, Dual HDB Fans",EVGA,"19,591",5
"EVGA GeForce RTX 2070 SUPER FTW3 ULTRA GAMING, 08G-P4-3277-KR, 8GB GDDR6, iCX2 Technology, RGB LED, Metal Backplate",EVGA,"47,887",5
"GIGABYTE GeForce RTX 2070 GAMING 8G Graphics Card, 3 x WINDFORCE Fans, 8GB 256-Bit GDDR6, GV-N2070GAMING-8GC Video Card",GIGABYTE,"64,982",3
"EVGA GeForce GTX 1650 SUPER SC ULTRA GAMING Video Card, 04G-P4-1357-KR, 4GB GDDR6, Dual Fan, Metal Backplate",EVGA,"14,096",5
"EVGA GeForce RTX 2080 SUPER XC GAMING Video Card, 08G-P4-3182-KR, 8GB GDDR6, RGB LED, Metal Backplate",EVGA,"58,412",5
ASUS ROG STRIX GeForce RTX 2060 DirectX 12 ROG-STRIX-RTX2060-6G-GAMING 6GB 192-Bit GDDR6 PCI Express 3.0 HDCP Ready Video Card,ASUS,"31,559",No rating
MSI GeForce RTX 2070 SUPER DirectX 12 RTX 2070 Super Armor OC 8GB 256-Bit GDDR6 PCI Express 3.0 x16 HDCP Ready SLI Support Video Card,MSI,"46,167",5
EVGA GeForce GT 1030 DirectX 12 02G-P4-6232-KR 2GB 64-Bit SDDR4 PCI Express 3.0 Low Profile Ready Video Card,EVGA,"6,739",4
"GIGABYTE Radeon RX 590 Gaming 8G Graphics Card, 2 x WINDFORCE Fans, 8GB 256-Bit GDDR5, GV-RX590GAMING-8GD Video Card",GIGABYTE,"29,469",4
ASUS Radeon RX 580 O4G Dual-fan OC Edition GDDR5 DP HDMI DVI VR Ready AMD Graphics Card (DUAL-RX580-O4G),ASUS,"33,006",4
EVGA 200 GeForce 210 DirectX 10.1 01G-P3-1312-LR 1GB 64-Bit DDR3 PCI Express 2.0 x16 HDCP Ready Low Profile Video Card,EVGA,"3,722",4
MSI GeForce GTX 1660 Ti DirectX 12 GTX 1660 TI ARMOR 6G OC 6GB 192-Bit GDDR6 PCI Express 3.0 x16 HDCP Ready Video Card,MSI,"27,221",5
EVGA GeForce GTX 1060 DirectX 12 06G-P4-6262-KR 6GB 192-Bit GDDR5 PCI Express 3.0 Video Card,EVGA,"33,743",5
"EVGA GeForce GTX 1660 Ti XC Ultra GAMING, 06G-P4-1267-KR, 6GB GDDR6, HDB Fan",EVGA,"27,075",5
VisionTek Radeon RX 560 4GB GDDR5 1.18GHz SFF Graphics Card,VisionTek,"14,500",No rating
EVGA GeForce 210 DirectX 10.1 01G-P3-1313-KR 1GB 64-Bit DDR3 PCI Express 2.0 HDCP Ready Low Profile Ready Video Card,EVGA,"3,256",4
XFX Radeon RX 570 DirectX 12 RX-570P8DFD6 8GB 256-Bit DDR5 PCI Express 3.0 CrossFireX Support Video Card,XFX,"3,256",4
MSI GeForce GT 730 DirectX 12 N730-2GD3V3 2GB 128-Bit DDR3 PCI Express 2.0 HDCP Ready ATX Video Card,MSI,"3,420",4
EVGA GeForce GT 710 DirectX 12 01G-P3-2711-KR 1GB 64-Bit DDR3 PCI Express 2.0 Low Profile Video Card,EVGA,"3,970",5
MSI GeForce RTX 2080 DirectX 12 RTX 2080 AERO 8G 8GB 256-Bit GDDR6 PCI Express 3.0 x16 HDCP Ready SLI Support Video Card,MSI,"77,359",5
"EVGA GeForce GTX 1060 GAMING, ACX 2.0 (Single Fan), 03G-P4-6160-KR, 3GB GDDR5, DX12 OSD Support (PXOC), Only 6.8 Inches",EVGA,"25,712",4
"Sapphire Radeon NITRO+ RX 580 8GB GDDR5 PCI-E Dual HDMI / DVI-D / Dual DP w/ Backplate (UEFI), 100411NT+8GL",Sapphire Tech,"29,543",4
XFX Radeon RX 580 DirectX 12 RX-580P8DFD6 XXX Edition 8GB 256-Bit GDDR5 PCI Express 3.0 CrossFireX Support Video Card,XFX,"16,439",4
MSI Radeon RX 580 DirectX 12 Radeon RX 580 8G V1 8GB 256-Bit GDDR5 PCI Express x16 HDCP Ready CrossFireX Support Video Card,MSI,"36,984",4
ASUS Dual GeForce GTX 1060 DirectX 12 DUAL-GTX1060-O3G 3GB 192-Bit GDDR5 PCI Express 3.0 HDCP Ready Video Card,ASUS,"29,469",4
MSI GeForce RTX 2080 DirectX 12 RTX 2080 VENTUS 8G 8GB 256-Bit GDDR6 PCI Express 3.0 x16 HDCP Ready SLI Support Video Card,MSI,"74,191",4
"EVGA GeForce RTX 2080 FTW3 ULTRA GAMING, 08G-P4-2287-KR, 8GB GDDR6, iCX2 & RGB LED",EVGA,"55,192",4
"ZOTAC GAMING GeForce RTX 2080 Twin Fan 8GB GDDR6 256-bit Gaming Graphics Card, IceStorm 2.0 Cooling, Active Fan Control, Metal Backplate, Spectra Lighting, ZT-T20800G-10P",ZOTAC,"63,213",5
GIGABYTE AORUS RTX 2080 TI 11GB DirectX 12 GV-N208TAORUSX W-11GC Video Card,GIGABYTE,"134,017",5
"EVGA GeForce GTX 1660 Ti XC Black GAMING, 06G-P4-1261-KR, 6GB GDDR6, HDB Fan",EVGA,"23,144",4
Sapphire Radeon NITRO+ RX 580 4GB GDDR5 PCI-E Dual HDMI / DVI-D / Dual DP w/ Backplate (UEFI),Sapphire Tech,"29,543",4
"EVGA GeForce RTX 2080 Ti XC GAMING, 11G-P4-2382-KR, 11GB GDDR6, Dual HDB Fans & RGB LED",EVGA,"94,968",4
"EVGA GeForce GTX 1650 XC Black GAMING Video Card, 04G-P4-1151-KR, 4GB GDDR5",EVGA,"12,736",4
GIGABYTE GeForce RTX 2070 DirectX 12 GV-N2070WF2-8GD 8GB 256-Bit GDDR6 PCI Express 3.0 x16 ATX Video Card,GIGABYTE,"37,659",5
ASUS Phoenix GeForce GTX 1060 PH-GTX1060-6G 6GB 192-Bit GDDR5 PCI Express 3.0 HDCP Ready Video Card,ASUS,"34,479",4
"Visiontek Radeon HD 5450 1GB DDR3 (DVI-I, HDMI, VGA), 900358",VisionTek,"3,828",5
Zotac GeForce GTX 1650 Graphic Card - 4 GB GDDR5 - Low-profile,ZOTAC,"18,860",4
ZOTAC GAMING GeForce RTX 2080 AMP Extreme 8GB GDDR6 256-bit Graphics Card (ZT-T20800B-10P),ZOTAC,"62,182",4
"ZOTAC GAMING GeForce RTX 2080 Blower 8GB GDDR6 256-bit Gaming Graphics Card, Metal Backplate (ZT-T20800A-10P)",ZOTAC,"69,476",5
MSI GeForce RTX 2070 DirectX 12 RTX 2070 ARMOR 8G 8GB 256-Bit GDDR6 PCI Express 3.0 x16 HDCP Ready Video Card,MSI,"39,753",4
MSI GeForce RTX 2070 DirectX 12 RTX 2070 DUKE 8G OC 8GB 256-Bit GDDR6 PCI Express 3.0 x16 HDCP Ready Video Card,MSI,"44,312",4
"ZOTAC GAMING GeForce RTX 2070 AMP Extreme Core 8GB GDDR6 256-bit Graphics Card, IceStorm 2.0, Active Fan Control, Metal Wraparound Backplate, Spectra RGB LED Lighting (ZT-T20700C-10P)",ZOTAC,"50,099",4
ASUS ROG Strix GeForce GTX 1660 SUPER Advanced 6GB Edition GDDR6 HDMI 2.0 DP 1.4 Gaming Graphics Card (ROG-STRIX-GTX1660S-A6G-GAMING),ASUS,"20,299",No rating
"ZOTAC GAMING GeForce RTX 2070 AMP Extreme 8GB GDDR6 256-bit Graphics Card, IceStorm 2.0, Active Fan Control, Metal Wraparound Backplate, Spectra RGB LED Lighting (ZT-T20700B-10P)",ZOTAC,"50,173",4
NVIDIA GeForce RTX 2080 Ti Founders Edition 11GB GDDR6 PCI Express 3.0 Graphics Card with Free Forza Horizon 4 Combo,NVIDIA,"114,017",No rating
NVIDIA GeForce RTX 2080 Ti Founders Edition 11GB GDDR6 PCI Express 3.0 Graphics Card with PCIe Riser,NVIDIA,"114,017",No rating
"Visiontek Radeon 6350 SFF 1GB DDR3 3M DMS59 (2 x DVI-I, miniDP) w/ 2 x DVI-I to VGA Adapter, 900456",VisionTek,"6,127",5
ASUS Radeon R7 240 DirectX 11.2 R7240-2GD3-L 2GB 128-Bit DDR3 PCI Express 3.0 HDCP Ready Low Profile Video Card,ASUS,"6,531",4
PNY GeForce RTX 2080 Ti 11GB XLR8 Gaming Overclocked Edition Graphics Card,"PNY Technologies, Inc.","103,617",4
"ZOTAC GAMING GeForce RTX 2080 Ti AMP MAXX 11GB GDDR6 352-bit Gaming Graphics Card, IceStorm 2.0, Factory Overclock, Freeze Fan Stop, Active Fan Control, PowerBoost, Spectra Lighting, ZT-T20810H-10P",ZOTAC,"99,720",4
"ZOTAC GAMING GeForce RTX 2080 Ti AMP 11GB GDDR6 352-bit Gaming Graphics Card, Active Fan Control, Metal Backplate, Spectra Lighting (ZT-T20810D-10P)",ZOTAC,"102,778",3
MSI GeForce GT 730 DirectX 12 N730K-2GD5LP/OC 2GB 64-Bit GDDR5 PCI Express 2.0 x16 HDCP Ready Video Card,MSI,"11,640",4
EVGA GeForce GT 710 DirectX 12 02G-P3-2713-KR 2GB 64-Bit DDR3 PCI Express 2.0 Video Card,EVGA,"4,626",4
XFX Radeon RX 590 Fatboy DirectX 12 RX-590P8DFD6 8GB 256-Bit DDR5 PCI Express 3.0 CrossFireX Support Video Card,XFX,"20,556",4
XFX Radeon RX 550 DirectX 12 RX-550P2SFG5 2GB 128-Bit GDDR5 PCI-E Video Card,XFX,"8,554",5
"GIGABYTE GeForce RTX 2080 TURBO OC 8G Graphics Card, Turbo Style Fan, 8GB 256-Bit GDDR6, GV-N2080TURBO OC-8GC Video Card",GIGABYTE,"66,308",4
"EVGA GeForce RTX 2060 SUPER SC BLACK GAMING Video Card, 08G-P4-3062-KR, 8GB GDDR6, Dual Fans",EVGA,"32,283",5
EVGA GeForce GT 1030 DirectX 12 02G-P4-6338-KR 2GB 64-Bit GDDR5 PCI Express 3.0 Video Card,EVGA,"7,425",4
HP Radeon RX 550X Graphic Card 4 GB Low-profile 5LH79AT,HP,"22,028",No rating
MSI GeForce RTX 2070 DirectX 12 RTX 2070 GAMING Z 8G 8GB 256-Bit GDDR6 PCI Express 3.0 x16 HDCP Ready Video Card,MSI,"48,228",3
MSI GeForce GTX 1050 DirectX 12 GTX 1050 GAMING X 2G 2GB 128-Bit GDDR5 PCI Express 3.0 x16 HDCP Ready ATX Video Card,MSI,"32,785",5
"EVGA GeForce GTX 1650 XC GAMING Video Card, 04G-P4-1153-KR, 4GB GDDR5",EVGA,"12,689",No rating
ASUS Radeon RX 560 2GB OC Edition GDDR5 DP HDMI DVI AMD Graphics Card (RX560-O2G),ASUS,"12,553",4
"PNY GeForce RTX 2080 XLR8 Gaming Overclocked Edition Graphics Card, VCG20808DFPPB-O","PNY Technologies, Inc.","84,064",No rating
"ZOTAC GAMING GeForce RTX 2080 AMP 8GB GDDR6 256-bit Gaming Graphics Card, Active Fan Control, Metal Backplate, Spectra Lighting (ZT-T20800D-10P)",ZOTAC,"64,687",3
"ZOTAC GAMING GeForce RTX 2080 Ti Triple Fan 11GB GDDR6 352-bit Gaming Graphics Card, Active Fan Control, Metal Backplate, Spectra Lighting (ZT-T20810F-10P)",ZOTAC,"134,974",3
"Visiontek Radeon HD 5450 2GB DDR3 (DVI-I, HDMI, VGA), 900356",VisionTek,"5,502",4
MSI Radeon RX 580 DirectX 12 RX 580 ARMOR 4G OC 4GB 256-Bit GDDR5 PCI Express x16 HDCP Ready CrossFireX Support Video Card,MSI,"23,428",4
PNY Quadro P1000 Graphic Card 4 GB GDDR5 VCQP1000V2PB,"PNY Technologies, Inc.","24,391",No rating
EVGA GeForce GT 710 DirectX 12 02G-P3-2717-KR 2GB 64-Bit DDR3 PCI Express 2.0 Video Card,EVGA,"4,320",3
PNY Quadro P620 Graphic Card VCQP620V2PB,"PNY Technologies, Inc.","13,634",No rating
MSI - R580ARX - MSI ARMOR Radeon RX 580 ARMOR X Radeon RX 580 Graphic Card - 8 GB GDDR5 - 1.37 GHz Core - 256 bit Bus Width - DisplayPort - HDMI - DVI,MSI,"16,208",No rating
"Visiontek Radeon HD 5570 SFF 1GB DDR3 4M VHDCI DVI (4 x DVI-D), 900345",VisionTek,"9,711",3
PNY Quadro P400 Graphic Card VCQP400V2PB,"PNY Technologies, Inc.","9,467",No rating
"Sapphire NITRO+ Radeon RX 570 8GB GDDR5 PCI-E Dual HDMI / DVI-D / Dual DP w/ Backplate (UEFI), 100412NT+8GL",Sapphire Tech,"14,949",4
PNY GeForce RTX 2080 8GB XLR8 Gaming Overclocked Edition Graphics Card,"PNY Technologies, Inc.","71,078",4
"EVGA GeForce RTX 2080 SUPER GAMING Video Card, 08G-P4-3080-KR, 8GB GDDR6, Adjustable RGB LED",EVGA,"57,093",No rating
GIGABYTE GeForce GTX 1060 Mini ITX OC 3GB GV-N1060IXOC-3GD Video Card,GIGABYTE,"21,365",4
HP Nvidia Quadro P620 2GB GDDR5 Graphics Card - 3ME25AT,HP,"13,100",No rating
MSI VENTUS GeForce RTX 2080 SUPER VENTUS XS OC GeForce RTX 2080 SUPER Graphic Card - 8 GB GDDR6 - 256 bit Bus Width - DisplayPort - HDMI,MSI,"54,779",No rating
NVIDIA GeForce GTX Titan Xp Graphic Card - 1.42 GHz Core - 1.58 GHz Boost Clock - 12 GB GDDR5X - Dual Slot Space Required,NVIDIA,"139,790",No rating
PNY NVIDIA Quadro RTX 4000 8GB GDDR6 Workstation Graphics Card VCQRTX4000-PB,"PNY Technologies, Inc.","70,194",No rating
"EVGA GeForce GTX 1050 Ti SSC GAMING ACX 3.0, 04G-P4-6255-KR, 4GB GDDR5, DX12 OSD Support (PXOC)",EVGA,"24,091",5
ASUS AREZ Strix Radeon RX Vega 56 AREZ-STRIX-RXVEGA56-O8G-GAMING 8GB 2048-Bit HBM2 PCI Express 3.0 HDCP Ready CrossFireX Support Video Card,ASUS,"55,166",4
Sapphire 100322L Sapphire 100322L Radeon HD 6450 Graphic Card - 625 MHz Core - 1 GB DDR3 SDRAM - PCI Express 2.0 x16 - 1334 MHz Memory Clock - 64 bit Bus Width - 2560 x 1600 - Passive Cooler - 1 x,Sapphire Tech,"3,652",No rating
HP Radeon R7 430 Graphic Card 5JW82AT,HP,"10,240",No rating
PNY GeForce GT 1030 2GB (VCGGT10302PB),"PNY Technologies, Inc.","8,386",4
MSI GeForce GTX 1650 DirectX 12 GTX 1650 AERO ITX 4G OC 4GB 128-Bit GDDR5 PCI Express 3.0 x16 HDCP Ready Video Card,MSI,"14,292",No rating
ASUS Dual GeForce RTX 2080 Ti DirectX 12 DUAL-RTX2080TI-A11G 11GB 352-Bit GDDR6 PCI Express 3.0 HDCP Ready SLI Support Video Card,ASUS,"106,314",No rating
GIGABYTE GeForce GTX 1050 Ti DirectX 12 GV-N105TWF2OC-4GD 4GB 128-Bit GDDR5 PCI Express 3.0 x16 ATX Video Card,GIGABYTE,"26,964",4
GIGABYTE Radeon RX 580 DirectX 12 GV-RX580GAMING-8GD 8GB 256-Bit GDDR5 PCI Express 3.0 x16 ATX Video Card,GIGABYTE,"38,458",4
Sapphire 11293-01-20G PULSE AMD Radeon RX 5700 XT 8GB GDDR6 HDMI/3DisplayPort PCI-Express 4.0 Video Card,Sapphire Tech,"33,405",No rating
GIGABYTE AMD Radeon RX Vega 56 DirectX 12 8GB 2048-Bit HBM2 PCI Express 3.0 x16 CrossFireX Support ATX Graphic Card,GIGABYTE,"25,178",1
PNY GeForce RTX 2080 Ti 11GB Blower Graphics Card,"PNY Technologies, Inc.","109,188",No rating
HP INC. - SB WORKSTATION OPTIONS 1ME43AT SMART BUY NVIDIA QUADRO P400,HP,"8,579",No rating
MSI GeForce GTX 1060 DirectX 12 GTX 1060 6GT OCV1 6GB 192-Bit GDDR5 PCI Express 3.0 x16 HDCP Ready ATX Video Card,MSI,"32,195",4
EVGA 256-P1-N400-LR 6200 256MB 64-Bit GDDR2 PCI Video Card,EVGA,"13,408",4
VisionTek Radeon HD 6570 Graphic Card - 650 MHz Core - 2 GB DDR3 SDRAM - 128 bit Bus Width - Fan Cooler - DirectX 11.0 - 1 x HDMI - 1 x Total Number of DVI (1 x DVI-D) - Dual Link DVI Supported - PC -,VisionTek,"4,625",No rating
PNY Mounting Bracket for Graphics Card 91008581,"PNY Technologies, Inc.",613,No rating
ASUS AREZ RX 560 O4G OC Edition GDDR5 DP HDMI DVI AMD Graphics Card (AREZ-RX560-O4G-EVO),ASUS,"15,397",No rating
EVGA GeForce GTX 1070 Ti SC GAMING 08G-P4-5671-KR 8GB GDDR5 ACX 3.0 & Black Edition,EVGA,"61,150",4
"ZOTAC GAMING GeForce RTX 2080 Ti Blower Graphic Card, ZT-T20810A-10P, 11GB GDDR6",ZOTAC,"107,346",No rating
ASUS Turbo GeForce GTX 1070 Ti TURBO-GTX1070TI-8G 8GB 256-Bit GDDR5 PCI Express 3.0 HDCP Ready SLI Support Video Card,ASUS,"55,035",4
"ZOTAC GeForce GTX 1060 Mini, ZT-P10600A-10L, 6GB GDDR5 Super Compact",ZOTAC,"27,442",5
EVGA GeForce GTX 1070 Ti GAMING 08G-P4-5670-KR 8GB GDDR5,EVGA,"52,235",4
NVIDIA GeForce RTX 2080 SUPER Founders Edition - 8GB GDDR6 1815 MHz - 3072 Cores - Ray Tracing - DirectX 12 - DP/HDMI/DVI-DL - VR Ready,NVIDIA,"62,207",No rating
VisionTek Radeon HD 5570 DirectX 11 900901 1GB 128-Bit DDR3 PCI Express 2.0 x16 Small Form Factor (SFF) Video Cards,VisionTek,"14,163",5
Lenovo Quadro P4000 Graphic Card - 8 GB GDDR5 - Full-height (4x60n86664),Lenovo,"76,698",No rating
Lenovo Quadro P400 Graphic Card - 2 GB GDDR5 - 3 x Mini DisplayPort - PC,Lenovo,"9,652",No rating
PNY GeForce GTX 1660 Ti Graphic Card - 6 GB,"PNY Technologies, Inc.","26,203",No rating
Lenovo 4X60N86660 Nvidia Quadro P1000 - Graphics Card - Quadro P1000 - 4 Gb Gddr5 Low Profile - 4 X Mini Displayport - For Thinkstation P320 (Sff),Lenovo,"31,260",No rating
ASUS Turbo GeForce RTX 2080 DirectX 12 TURBO-RTX2080-8G-EVO 8GB 256-Bit GDDR6 PCI Express 3.0 HDCP Ready SLI Support Video Card,ASUS,"57,416",5
VisionTek Radeon HD 6570 Graphic Card - 650 MHz Core - 2 GB DDR3 SDRAM - Full-height - 128 bit Bus Width - Fan Cooler - DirectX 11.0 - 1 x HDMI - 1 x VGA - 1 x Total Number of DVI (1 x DVI-D) - Dual L,VisionTek,"4,500",No rating
ASUS Dual GeForce GTX 1660 Ti DUAL-GTX1660TI-O6G 6GB 192-Bit GDDR6 PCI Express 3.0 HDCP Ready Video Card,ASUS,"29,175",4
"Visiontek Radeon HD 4350 SFF 512MB DDR2 (2 x DVI-I, TV Out) w/ 2 x DVI-I to VGA Adapter, 900273",VisionTek,"6,597",5
Lenovo NVIDIA Quadro P620 Graphic Card 2GB For Select ThinkStation Models,Lenovo,"23,502",No rating
"Sapphire Radeon NITRO+ RX 570 4GB GDDR5 PCI-E Dual HDMI / DVI-D / Dual DP w/ Backplate (UEFI), 100412NT+4GL",Sapphire Tech,"23,605",4
ASUS GeForce GTX 1050 CERBERUS-GTX1050-O2G 2GB 128-Bit GDDR5 PCI Express 3.0 HDCP Ready Video Card,ASUS,"13,297",5
"ZOTAC GeForce GTX 1060 Mini, ZT-P10610A-10L, 3GB GDDR5 Super Compact",ZOTAC,"25,122",4
PNY GeForce GTX 1060 DirectX 12 VCGGTX10606PB 6GB 192-Bit GDDR5 PCI Express 3.0 x16 Video Card,"PNY Technologies, Inc.","31,532",4
GIGABYTE Radeon RX 570 DirectX 12 GV-RX570GAMING-4GD 4GB 256-Bit GDDR5 PCI Express 3.0 x16 CrossFireX Support ATX Video Card,GIGABYTE,"16,502",4
"ZOTAC GeForce GTX 1060 AMP!, ZT-P10600B-10M, 6GB GDDR5 Super Compact Dual-Fan IceStorm Cooling FREEZE Fan Stop",ZOTAC,"21,999",4
GIGABYTE GeForce GT 1030 DirectX 12 GV-N1030OC-2GI 2GB 64-Bit GDDR5 PCI Express x16 ATX Video Card,GIGABYTE,"13,997",4
HP Quadro P400 Graphic Card,HP,"18,639",No rating
ATTO ThunderLink TLNS-3252-D00 Thunderbolt/Ethernet Host Bus Adapter TLNS3252D00,Brand Name Not Available,"99,405",No rating
MSI Radeon RX Vega 56 DirectX 12 RX Vega 56 Air Boost 8G OC 8GB 2048-Bit HBM2 PCI Express x16 HDCP Ready CrossFireX Support ATX Video Card,MSI,"41,331",4
PNY GeForce GTX 1060 DirectX 12 VCGGTX10603PB 3GB 192-Bit GDDR5 PCI Express 3.0 x16 Video Card,"PNY Technologies, Inc.","20,092",4
MSI GeForce GT 1030 G10302HPC 2GB 64-Bit Video Card,MSI,"7,430",No rating
GIGABYTE AORUS Radeon RX 580 DirectX 12 GV-RX580AORUS-8GD 8GB 256-Bit GDDR5 PCI Express 3.0 x16 CrossFireX Support ATX Video Card,GIGABYTE,"29,838",4
ZOTAC GeForce GTX 1070 Ti DirectX 12 ZT-P10710B-10P 8GB 256-Bit GDDR5 PCI Express 3.0 HDCP Ready SLI Support Video Card - AMP! EXTREME Edition,ZOTAC,"64,171",4
Radeon RX5500XT 4GB GDDR6 GPU,VisionTek,"15,129",No rating
Radeon RX 5500XT 8GB GDDR6 GPU,VisionTek,"17,991",No rating
"VDCRD,RTX2080Ti,11GB,BLOWER,BLK","PNY Technologies, Inc.","96,926",No rating
MSI Radeon RX 580 DirectX 12 RX 580 ARMOR 4G 4GB 256-Bit GDDR5 PCI Express x16 HDCP Ready CrossFireX Support Video Card,MSI,"23,133",No rating
"Visiontek Radeon 6350 1GB DDR3 (DVI-I, HDMI, VGA)",VisionTek,"4,470",5
"Lenovo 4X60N04886 Nvidia Quadro P5000 - Graphics Card - Quadro P5000 - 16 Gb Gddr5X - Pcie 3.0 X16 - Dvi, 4 X Displayport - For Thinkstation P520",Lenovo,"157,000",No rating
ASUS GeForce GT 710 DirectX 12 710-2-SL-CSM 2GB 64-Bit DDR3 PCI Express 2.0 x8 HDCP Ready Video Card,ASUS,"5,819",4
"PNY GeForce RTX 2070 8GB XLR8 Gaming Overclocked Edition Graphics Card, VCG20708DFPPB-O","PNY Technologies, Inc.","62,992",No rating
ASUS ROG Strix Radeon RX 5700 ROG-STRIX-RX5700-O8G-GAMING 8GB 256-Bit GDDR6 PCI Express 4.0 HDCP Ready CrossFireX Support Video Card,ASUS,"32,562",No rating
Sapphire 11265-09-20G Radeon PULSE RX 580 4GB GDDR5 DUAL HDMI / DVI-D / DUAL DP OC with backplate (UEFI) PCI-E Graphics Card,Brand Name Not Available,"22,839",No rating
"Visiontek Radeon HD 3450 SFF 512MB DDR2 PCI DMS59 (2 x DVI-I), 900292",VisionTek,"8,030",5
NVIDIA GeForce RTX 2060 Super Founders Edition - 8GB GDDR6 - 2176 Cores - Ray Tracing - DP/HDMI/DVI-DL - VR Ready with Free Battlefield V Code,NVIDIA,"40,916",No rating
VisionTek Radeon 5570 SFF 1GB DDR3 4M VHDCI VGA (4 x VGA) (900366),VisionTek,"14,202",4
GIGABYTE Radeon RX 580 DirectX 12 GV-RX580GAMING-4GD 4GB 256-Bit GDDR5 PCI Express 3.0 x16 CrossFireX Support ATX Video Card,GIGABYTE,"17,607",4
MSI GeForce GT 1030 DirectX 12 GT 1030 2GD4 LP OC 2GB 64-Bit DDR4 PCI Express 3.0 x16 (Uses x4) HDCP Ready Low Profile Video Card,MSI,"11,861",2
ZOTAC GeForce GTX 1050 DirectX 12 ZT-P10500E-10L 2GB 128-Bit GDDR5 PCI Express 3.0 HDCP Ready Low Profile Video Card,ZOTAC,"14,734",4
"Visiontek Radeon HD 7750 SFF 2GB DDR3 3M (2 x HDMI, Mini DP), 900686",VisionTek,"20,206",4
"Visiontek Radeon HD 5450 SFF 512MB DDR3 3M (3 x DVI-D), 900344",VisionTek,"10,313",3
VisionTek Radeon 5450 DirectX 11 900861 2GB DDR3 PCI Express 2.1 x16 ATX Video Card,VisionTek,"6,777",3
DIAMOND Radeon HD 5450 DirectX 11 5450PE31G 1GB GDDR3 PCI Express 2.1 x16 HDCP Ready CrossFireX Support Low Profile Video Card,Diamond Multimedia,"3,708",No rating
MSI Radeon RX 5700 DirectX 12 RX 5700 8G 8GB 256-Bit GDDR6 PCI Express 4.0 HDCP Ready Video Card,MSI,"36,763",4
MSI NVIDIA GeForce GTX 1660 Ti VENTUS XS 6GB GDDR6 HDMI/3DisplayPort PCI-Express Video Card,MSI,"21,801",No rating
"Visiontek Radeon 3450 SFF 512MB DDR2 PCI, 900321",VisionTek,"8,251",4
MSI NVIDIA GeForce RTX 2060 SUPER VENTUS GP OC 8GB GDDR6 HDMI/3DisplayPort PCI-Express Video Card,MSI,"37,942",No rating
MSI GeForce GTX 1060 DirectX 12 GTX 1060 6G OCV1 6GB 192-Bit GDDR5 PCI Express 3.0 x16 HDCP Ready ATX Video Card,MSI,"30,943",4
ZOTAC GeForce GT 710 DirectX 12 ZT-71301-20L 1GB 64-Bit DDR3 PCI Express 2.0 x8 Video Card,ZOTAC,"4,714",4
VisionTek Radeon 7750 SFF 2GB GDDR5 4M (4 x miniDP) (900798),VisionTek,"16,395",2
MSI Radeon RX 570 DirectX 12 RX 570 ARMOR 4G OC 4GB 256-Bit GDDR5 PCI Express 3.0 x16 HDCP Ready CrossFireX Support ATX Video Card,MSI,"22,110",3
"VisionTek Radeon 7750 SFF 1GB GDDR5 (DVI-I, HDMI) (900549)",VisionTek,"11,419",4
PNY GeForce GT 710 DirectX 12 VCGGT7102XPB 2GB 64-Bit DDR3 PCI Express 2.0 x8 Low Profile Video Card,"PNY Technologies, Inc.","6,040",4
"Visiontek Radeon HD 7750 SFF 1GB DDR3 5M VHDCI (4 x DVI-D, Mini DP), 900669",VisionTek,"14,709",3
GIGABYTE Radeon RX 470 DirectX 12 GV-RX470WF2-4GD-MI Video Card,GIGABYTE,"20,929",No rating
"Visiontek Radeon 6350 SFF 1GB DDR3 (DVI-I, HDMI, VGA), 900484",VisionTek,"5,222",No rating
VisionTek VTKRAD7K64P Radeon 7000 64MB DDR PCI Video Card,VisionTek,"3,801",No rating
Sapphire Video Card 11265-01-20G NITRO+ RX 580 8GB GDDR5 PCI Express HDMI/DisplayPort/DL-DVI-D with Backplate,Sapphire Tech,"29,543",3
Sapphire - 11295-01-20G - Video Card 11295-01-20G Pulse RX 5500 XT 8GB GDDR6 PCIE HDMI/Triple DP OC Retail,Sapphire Tech,"19,071",No rating
MSI Radeon RX 560 DirectX 12 RX 560 AERO ITX 2G OC 2GB 128-Bit GDDR5 PCI Express x16 HDCP Ready CrossFireX Support Video Card,MSI,"12,818",3
JATON GeForce 6200 DirectX 9 VIDEO-348PCI-LP 512MB 64-Bit DDR2 PCI Low Profile Ready Video Card,Jaton Corporation,"6,675",3
NVIDIA GeForce RTX 2070 SUPER Founders Edition - 8GB GDDR6 1770 MHz RAM - 2560 Cores - Ray Tracing - DirectX 12 - DP/HDMI/DVI-DL - VR Ready,NVIDIA,"48,784",2
HP INC. 2TF08AT SBUY RADEON PRO WX 3100 4GB GRAPHICS,HP,"14,709",No rating
"VisionTek Radeon 7750 2GB GDDR5 5M (4 x HDMI, miniDP) (900690)",VisionTek,"19,449",1
"OCPC Radeon RX 560 4GB GDDR5 Video Card, 901210",Brand Name Not Available,"10,129",No rating
PNY Video Card VCGGTX10603PB-CG GeForce GTX1060 3GB GDDR5 PCI Express DVID/HDMI/3xDisplayPort Retail,"PNY Technologies, Inc.","16,922",No rating
LENOVO 4X60R60468 GRAPHIC_BO TS NVIDIA QUADRO P620 HP,Lenovo,"17,774",No rating
"Visiontek Radeon HD 5450 SFF 512MB DDR3 3M (2 x DVI-I, DP) w/ 2 x DVI-I to VGA Adapter, 900327",VisionTek,"11,050",2
Weltron 91-727 DisplayPort Male to VGA Female Adapter,Brand Name Not Available,"1,518",No rating
LENOVO - DESKTOP OPTIONS 4X60N86661 THINKSTATOIN NVIDIA P1000 HP,Lenovo,"28,611",No rating
VISIONTEK 900942 Radeon 7750 2GB DDR3 2x DP,VisionTek,"9,700",No rating
HP INC. - SB WORKSTATION OPTIONS 1ME41AT SMART BUY NVIDIA QUADRO P2000,HP,"37,236",No rating
ASUS Video Card TURBO-GTX1070TI-8G TURBO GTX 1070 TI 8GB GDDR5 256-bit PCIE DVI/HDMI/Display Port Retail,ASUS,"55,035",No rating
NVIDIA Titan XP 12GB Star Wars Collector Edition JEDI Order Video Card 900-1G611-2531-000-RET,NVIDIA,"115,680",No rating
HP INC. - NSB OPTIONS Z9H51AA NVIDIA GEFORCE GT 730 DP 2GB,HP,"10,977",No rating
"EVGA GeForce RTX 2060 KO GAMING Video Card, 06G-P4-2066-KR, 6GB GDDR6, Dual Fans, Metal Backplate",EVGA,"22,315",5
MSI GeForce GTX 1650 DirectX 12 GTX 1650 4GT LP OC 4GB 128-Bit GDDR5 PCI Express 3.0 x16 HDCP Ready Low Profile Video Card,MSI,"11,902",4
MSI GeForce GTX 1660 DirectX 12 GTX 1660 ARMOR 6G OC 6GB 192-Bit GDDR5 PCI Express 3.0 x16 HDCP Ready Video Card,MSI,"20,308",4
NVIDIA GeForce RTX 2060 SUPER Founders Edition - 8GB GDDR6 1650 MHz - 2176 Cores - Ray Tracing - DirectX 12 - DP/HDMI/DVI-DL - VR Ready,NVIDIA,"39,728",4
ASUS TUF Gaming GeForce GTX 1660 Ti DirectX 12 TUF-GTX1660TI-O6G-GAMING 6GB 192-Bit GDDR6 PCI Express 3.0 HDCP Ready Video Card,ASUS,"22,613",2
